Zip;City;State;Latitude;Longitude;Timezone;Daylight savings time flag;geopoint
49430;Lamont;MI;43.010337;-85.89754;-5;1;43.010337,-85.89754
49464;Zeeland;MI;42.829252;-85.99621;-5;1;42.829252,-85.99621
49919;Covington;MI;46.559834;-88.52201;-5;1;46.559834,-88.52201
48215;Detroit;MI;42.378287;-82.95243;-5;1;42.378287,-82.95243
48226;Detroit;MI;42.331821;-83.04888;-5;1;42.331821,-83.04888
48503;Flint;MI;43.011227;-83.69291;-5;1;43.011227,-83.69291
49756;Lewiston;MI;44.839929;-84.30787;-5;1;44.839929,-84.30787
49041;Comstock;MI;42.245412;-85.529858;-5;1;42.245412,-85.529858
49157;Richland;MI;44.21551;-85.298079;-5;1;44.21551,-85.298079
48164;New Boston;MI;42.128068999999996;-83.38785;-5;1;42.128069,-83.38785
48444;Imlay City;MI;43.038967;-83.06067;-5;1;43.038967,-83.06067
49245;Homer;MI;42.147222;-84.80789;-5;1;42.147222,-84.80789
49221;Adrian;MI;41.900927;-84.04585;-5;1;41.900927,-84.04585
49336;Morley;MI;43.494361;-85.43184;-5;1;43.494361,-85.43184
49080;Plainwell;MI;42.462935;-85.61256;-5;1;42.462935,-85.61256
49023;Benton Harbor;MI;42.001551;-86.715294;-5;1;42.001551,-86.715294
49267;Ottawa Lake;MI;41.757599;-83.70951;-5;1;41.757599,-83.70951
48277;Detroit;MI;42.239933;-83.150823;-5;1;42.239933,-83.150823
49248;Jasper;MI;41.766891;-84.01395;-5;1;41.766891,-84.01395
49653;Lake Leelanau;MI;44.975051;-85.72325;-5;1;44.975051,-85.72325
49871;Palmer;MI;46.440274;-87.58988;-5;1;46.440274,-87.58988
48768;Vassar;MI;43.370434;-83.57917;-5;1;43.370434,-83.57917
48109;Ann Arbor;MI;42.291637;-83.71831;-5;1;42.291637,-83.71831
49918;Copper Harbor;MI;47.467597;-87.88212;-5;1;47.467597,-87.88212
49720;Charlevoix;MI;45.294169;-85.24516;-5;1;45.294169,-85.24516
49793;Trout Lake;MI;46.199197;-85.05287;-5;1;46.199197,-85.05287
48657;Sanford;MI;43.69784;-84.39169;-5;1;43.69784,-84.39169
49327;Grant;MI;43.34022;-85.82566;-5;1;43.34022,-85.82566
48417;Burt;MI;43.262162000000004;-83.93995;-5;1;43.262162,-83.93995
48475;Ubly;MI;43.673699;-82.9257;-5;1;43.673699,-82.9257
48112;Belleville;MI;42.239933;-83.150823;-5;1;42.239933,-83.150823
48461;North Branch;MI;43.210744;-83.20549;-5;1;43.210744,-83.20549
49555;Grand Rapids;MI;43.031413;-85.550267;-5;1;43.031413,-85.550267
49880;Rock;MI;46.086125;-87.20146;-5;1;46.086125,-87.20146
48610;Alger;MI;44.142282;-84.14497;-5;1;44.142282,-84.14497
49664;Maple City;MI;44.888566;-85.89914;-5;1;44.888566,-85.89914
49246;Horton;MI;42.118019;-84.49338;-5;1;42.118019,-84.49338
48930;Lansing;MI;42.732535;-84.558679;-5;1;42.732535,-84.558679
49329;Howard City;MI;43.405689;-85.47744;-5;1;43.405689,-85.47744
49757;Mackinac Island;MI;45.856777;-84.62643;-5;1;45.856777,-84.62643
48465;Palms;MI;43.618879;-82.6874;-5;1;43.618879,-82.6874
49283;Spring Arbor;MI;42.203838;-84.55243;-5;1;42.203838,-84.55243
48230;Grosse Pointe;MI;42.386087;-82.92426;-5;1;42.386087,-82.92426
48231;Detroit;MI;42.239933;-83.150823;-5;1;42.239933,-83.150823
48451;Linden;MI;42.800911;-83.81366;-5;1;42.800911,-83.81366
49323;Dorr;MI;42.721597;-85.77879;-5;1;42.721597,-85.77879
49655;Leroy;MI;44.023714;-85.44877;-5;1;44.023714,-85.44877
48279;Detroit;MI;42.239933;-83.150823;-5;1;42.239933,-83.150823
49723;Cross Village;MI;45.625353;-85.041872;-5;1;45.625353,-85.041872
48079;Saint Clair;MI;42.833034;-82.50425;-5;1;42.833034,-82.50425
48894;Westphalia;MI;42.928735;-84.7996;-5;1;42.928735,-84.7996
49676;Rapid City;MI;44.829056;-85.27959;-5;1;44.829056,-85.27959
49711;Bay Shore;MI;45.523425;-85.332038;-5;1;45.523425,-85.332038
48041;Memphis;MI;42.93281;-82.80345;-5;1;42.93281,-82.80345
48151;Livonia;MI;42.239933;-83.150823;-5;1;42.239933,-83.150823
48857;Morrice;MI;42.845703;-84.16581;-5;1;42.845703,-84.16581
48268;Detroit;MI;42.239933;-83.150823;-5;1;42.239933,-83.150823
48051;New Baltimore;MI;42.682081;-82.83068;-5;1;42.682081,-82.83068
48913;Lansing;MI;42.599184;-84.371973;-5;1;42.599184,-84.371973
48176;Saline;MI;42.16489;-83.78387;-5;1;42.16489,-83.78387
48086;Southfield;MI;42.660091;-83.3863;-5;1;42.660091,-83.3863
48044;Macomb;MI;42.650265;-82.93416;-5;1;42.650265,-82.93416
48227;Detroit;MI;42.388786;-83.1918;-5;1;42.388786,-83.1918
49822;Deerton;MI;46.470986;-87.06843;-5;1;46.470986,-87.06843
48866;Ovid;MI;42.997636;-84.37643;-5;1;42.997636,-84.37643
49233;Cement City;MI;42.071196;-84.3494;-5;1;42.071196,-84.3494
49774;Pickford;MI;46.165132;-84.33219;-5;1;46.165132,-84.33219
48332;Farmington;MI;42.660091;-83.3863;-5;1;42.660091,-83.3863
48529;Burton;MI;42.972477;-83.67085;-5;1;42.972477,-83.67085
48808;Bath;MI;42.821233;-84.46099;-5;1;42.821233,-84.46099
49796;Walloon Lake;MI;45.269001;-84.9475;-5;1;45.269001,-84.9475
49452;Rothbury;MI;43.520576;-86.27335;-5;1;43.520576,-86.27335
48003;Almont;MI;42.931178;-83.04585;-5;1;42.931178,-83.04585
48605;Saginaw;MI;43.458776;-84.051827;-5;1;43.458776,-84.051827
48418;Byron;MI;42.816358;-83.95884;-5;1;42.816358,-83.95884
49257;Moscow;MI;42.054795;-84.503905;-5;1;42.054795,-84.503905
49451;Ravenna;MI;43.200998;-85.96376;-5;1;43.200998,-85.96376
49814;Champion;MI;46.501074;-87.92354;-5;1;46.501074,-87.92354
48826;East Lansing;MI;42.599184;-84.371973;-5;1;42.599184,-84.371973
48123;Dearborn;MI;42.239933;-83.150823;-5;1;42.239933,-83.150823
49454;Scottville;MI;43.946244;-86.28427;-5;1;43.946244,-86.28427
48239;Redford;MI;42.379436;-83.29105;-5;1;42.379436,-83.29105
48448;Sciota;MI;42.955783;-84.300929;-5;1;42.955783,-84.300929
49278;Rollin;MI;41.912292;-84.32652;-5;1;41.912292,-84.32652
49062;Kendall;MI;42.36175;-85.814072;-5;1;42.36175,-85.814072
49021;Bellevue;MI;42.447038;-85.04264;-5;1;42.447038,-85.04264
49639;Hersey;MI;43.84716;-85.40908;-5;1;43.84716,-85.40908
48559;Flint;MI;43.002;-83.692507;-5;1;43.002,-83.692507
49769;Pellston;MI;45.567787;-84.81464;-5;1;45.567787,-84.81464
48865;Orleans;MI;43.090038;-85.11754;-5;1;43.090038,-85.11754
49967;Trout Creek;MI;46.459705;-89.0028;-5;1;46.459705,-89.0028
48626;Hemlock;MI;43.416335;-84.22384;-5;1;43.416335,-84.22384
49679;Sears;MI;43.878924;-85.15802;-5;1;43.878924,-85.15802
48410;Argyle;MI;43.558856;-82.945483;-5;1;43.558856,-82.945483
48207;Detroit;MI;42.352837;-83.02449;-5;1;42.352837,-83.02449
48237;Oak Park;MI;42.467235;-83.17952;-5;1;42.467235,-83.17952
49621;Cedar;MI;44.872464;-85.78716;-5;1;44.872464,-85.78716
48120;Dearborn;MI;42.306288;-83.15863;-5;1;42.306288,-83.15863
48847;Ithaca;MI;43.269967;-84.59181;-5;1;43.269967,-84.59181
49833;Little Lake;MI;46.291233;-87.33355;-5;1;46.291233,-87.33355
49341;Rockford;MI;43.117214;-85.5189;-5;1;43.117214,-85.5189
48458;Mount Morris;MI;43.116959;-83.69025;-5;1;43.116959,-83.69025
48185;Westland;MI;42.335937;-83.378;-5;1;42.335937,-83.378
49425;Holton;MI;43.443787;-86.10895;-5;1;43.443787,-86.10895
49560;Grand Rapids;MI;43.031413;-85.550267;-5;1;43.031413,-85.550267
49879;Republic;MI;46.345957;-88.01972;-5;1;46.345957,-88.01972
49011;Athens;MI;42.089314;-85.23333;-5;1;42.089314,-85.23333
48858;Mount Pleasant;MI;43.60616;-84.78306;-5;1;43.60616,-84.78306
48815;Clarksville;MI;42.841491;-85.25046;-5;1;42.841491,-85.25046
49627;Eastport;MI;45.107683;-85.36212;-5;1;45.107683,-85.36212
49546;Grand Rapids;MI;42.927801;-85.54582;-5;1;42.927801,-85.54582
49619;Brethren;MI;44.306548;-86.00977;-5;1;44.306548,-86.00977
49629;Elk Rapids;MI;44.900873;-85.40671;-5;1;44.900873,-85.40671
49665;Marion;MI;44.095357;-85.11843;-5;1;44.095357,-85.11843
48614;Brant;MI;43.25118;-84.29816;-5;1;43.25118,-84.29816
48166;Newport;MI;41.988228;-83.29818;-5;1;41.988228,-83.29818
48532;Flint;MI;43.005477;-83.76098;-5;1;43.005477,-83.76098
49089;Sherwood;MI;42.010485;-85.23198;-5;1;42.010485,-85.23198
49203;Jackson;MI;42.227536;-84.40913;-5;1;42.227536,-84.40913
49287;Tipton;MI;42.035005;-84.09154;-5;1;42.035005,-84.09154
48139;Hamburg;MI;42.449117;-83.80332;-5;1;42.449117,-83.80332
48642;Midland;MI;43.652404;-84.21671;-5;1;43.652404,-84.21671
49028;Bronson;MI;41.850631;-85.18987;-5;1;41.850631,-85.18987
49762;Naubinway;MI;46.142357;-85.29284;-5;1;46.142357,-85.29284
48756;Prescott;MI;44.206123;-83.99306;-5;1;44.206123,-83.99306
49758;Greenwood;MI;44.682965;-84.287698;-5;1;44.682965,-84.287698
48787;Frankenmuth;MI;43.334958;-83.749418;-5;1;43.334958,-83.749418
48834;Fenwick;MI;43.141649;-85.04948;-5;1;43.141649,-85.04948
48141;Inkster;MI;42.292582;-83.31414;-5;1;42.292582,-83.31414
48377;Novi;MI;42.511766;-83.47314;-5;1;42.511766,-83.47314
48391;Walled Lake;MI;42.660091;-83.3863;-5;1;42.660091,-83.3863
48464;Otter Lake;MI;43.219132;-83.42227;-5;1;43.219132,-83.42227
48634;Linwood;MI;43.748816;-84.01217;-5;1;43.748816,-84.01217
48745;Mikado;MI;44.580133000000004;-83.49441;-5;1;44.580133,-83.49441
49412;Fremont;MI;43.464943;-85.95005;-5;1;43.464943,-85.95005
49839;Grand Marais;MI;46.655567;-85.95837;-5;1;46.655567,-85.95837
48062;Richmond;MI;42.829226;-82.77538;-5;1;42.829226,-82.77538
49038;Coloma;MI;42.209307;-86.3337;-5;1;42.209307,-86.3337
49952;Nisula;MI;46.7596;-88.84928;-5;1;46.7596,-88.84928
48278;Detroit;MI;42.239933;-83.150823;-5;1;42.239933,-83.150823
48393;Wixom;MI;42.532251;-83.53378;-5;1;42.532251,-83.53378
48851;Lyons;MI;42.962965;-84.94611;-5;1;42.962965,-84.94611
49022;Benton Harbor;MI;42.10809;-86.41801;-5;1;42.10809,-86.41801
48089;Warren;MI;42.467086;-82.99866;-5;1;42.467086,-82.99866
49078;Otsego;MI;42.459989;-85.71069;-5;1;42.459989,-85.71069
49094;Union City;MI;42.06137;-85.11971;-5;1;42.06137,-85.11971
48118;Chelsea;MI;42.316922;-84.03445;-5;1;42.316922,-84.03445
48918;Lansing;MI;42.599184;-84.371973;-5;1;42.599184,-84.371973
49683;Thompsonville;MI;44.531456;-85.9334;-5;1;44.531456,-85.9334
48275;Detroit;MI;42.239933;-83.150823;-5;1;42.239933,-83.150823
48757;Reese;MI;43.462775;-83.68564;-5;1;43.462775,-83.68564
49256;Morenci;MI;41.746349;-84.21557;-5;1;41.746349,-84.21557
49509;Grand Rapids;MI;42.905877;-85.70392;-5;1;42.905877,-85.70392
48309;Rochester;MI;42.662732;-83.18111;-5;1;42.662732,-83.18111
48162;Monroe;MI;41.940898;-83.38515;-5;1;41.940898,-83.38515
49778;Brimley;MI;46.410777;-84.336519;-5;1;46.410777,-84.336519
48743;Long Lake;MI;44.442563;-83.87538;-5;1;44.442563,-83.87538
48855;Howell;MI;42.678059;-83.915592;-5;1;42.678059,-83.915592
49753;Lachine;MI;44.99718;-83.7918;-5;1;44.99718,-83.7918
48831;Elsie;MI;43.098253;-84.37722;-5;1;43.098253,-84.37722
49743;Hawks;MI;45.282088;-83.93526;-5;1;45.282088,-83.93526
48217;Detroit;MI;42.277738;-83.1552;-5;1;42.277738,-83.1552
49799;Wolverine;MI;45.268255;-84.60141;-5;1;45.268255,-84.60141
49735;Gaylord;MI;44.989608;-84.67492;-5;1;44.989608,-84.67492
48073;Royal Oak;MI;42.518635;-83.16357;-5;1;42.518635,-83.16357
48611;Auburn;MI;43.617796;-84.07918;-5;1;43.617796,-84.07918
48842;Holt;MI;42.639235;-84.52702;-5;1;42.639235,-84.52702
49423;Holland;MI;42.765918;-86.10544;-5;1;42.765918,-86.10544
49406;Douglas;MI;42.643315;-86.20404;-5;1;42.643315,-86.20404
48146;Lincoln Park;MI;42.243488;-83.18097;-5;1;42.243488,-83.18097
48092;Warren;MI;42.511293;-83.0597;-5;1;42.511293,-83.0597
49265;Onsted;MI;42.020199;-84.16796;-5;1;42.020199,-84.16796
49746;Hillman;MI;45.068394;-83.96071;-5;1;45.068394,-83.96071
49599;Grand Rapids;MI;43.031413;-85.550267;-5;1;43.031413,-85.550267
48848;Laingsburg;MI;42.884921;-84.3569;-5;1;42.884921,-84.3569
49712;Boyne City;MI;45.215511;-85.00995;-5;1;45.215511,-85.00995
49780;Rudyard;MI;46.204512;-84.73671;-5;1;46.204512,-84.73671
49107;Buchanan;MI;41.830011999999996;-86.38349;-5;1;41.830012,-86.38349
49640;Honor;MI;44.701761;-86.05033;-5;1;44.701761,-86.05033
48076;Southfield;MI;42.499335;-83.22829;-5;1;42.499335,-83.22829
48074;Smiths Creek;MI;42.948521;-82.57049;-5;1;42.948521,-82.57049
49781;Saint Ignace;MI;45.923952;-84.7255;-5;1;45.923952,-84.7255
49786;Kincheloe;MI;46.410777;-84.336519;-5;1;46.410777,-84.336519
48854;Mason;MI;42.582902;-84.44738;-5;1;42.582902,-84.44738
49854;Manistique;MI;46.042121;-86.33946;-5;1;46.042121,-86.33946
48602;Saginaw;MI;43.423925;-83.97142;-5;1;43.423925,-83.97142
48045;Harrison Township;MI;42.582961;-82.83063;-5;1;42.582961,-82.83063
48221;Detroit;MI;42.426786;-83.14969;-5;1;42.426786,-83.14969
48881;Saranac;MI;42.929829;-85.20938;-5;1;42.929829,-85.20938
49075;Nottawa;MI;41.916374;-85.45029;-5;1;41.916374,-85.45029
49066;Leonidas;MI;42.037422;-85.35683;-5;1;42.037422,-85.35683
48346;Clarkston;MI;42.720966;-83.4044;-5;1;42.720966,-83.4044
49070;Martin;MI;42.540492;-85.63686;-5;1;42.540492,-85.63686
48228;Detroit;MI;42.355437;-83.21722;-5;1;42.355437,-83.21722
48305;Clinton;MI;42.569278;-82.911243;-5;1;42.569278,-82.911243
49917;Copper City;MI;47.283086;-88.38434;-5;1;47.283086,-88.38434
49242;Hillsdale;MI;41.89958;-84.62624;-5;1;41.89958,-84.62624
49564;Glen Arbor;MI;44.933988;-85.950661;-5;1;44.933988,-85.950661
49728;Eckerman;MI;46.355548;-84.99249;-5;1;46.355548,-84.99249
48359;Lake Orion;MI;42.722932;-83.28537;-5;1;42.722932,-83.28537
48650;Pinconning;MI;43.851276;-83.97901;-5;1;43.851276,-83.97901
49659;Mancelona;MI;44.905437;-85.03401;-5;1;44.905437,-85.03401
49948;Mass City;MI;46.730077;-89.02038;-5;1;46.730077,-89.02038
48136;Garden City;MI;42.239933;-83.150823;-5;1;42.239933,-83.150823
49820;Curtis;MI;46.191702;-85.72148;-5;1;46.191702,-85.72148
48266;Detroit;MI;42.239933;-83.150823;-5;1;42.239933,-83.150823
49095;Vandalia;MI;41.916613;-85.89022;-5;1;41.916613,-85.89022
48175;Salem;MI;42.405636;-83.578088;-5;1;42.405636,-83.578088
48184;Wayne;MI;42.276688;-83.3786;-5;1;42.276688,-83.3786
48432;Filion;MI;43.89867;-83.01232;-5;1;43.89867,-83.01232
48140;Ida;MI;41.876895;-83.58184;-5;1;41.876895,-83.58184
48260;Detroit;MI;42.239933;-83.150823;-5;1;42.239933,-83.150823
49137;Lyndon;MI;42.424092;-84.102395;-5;1;42.424092,-84.102395
49686;Traverse City;MI;44.735559;-85.54511;-5;1;44.735559,-85.54511
48223;Detroit;MI;42.394586;-83.24422;-5;1;42.394586,-83.24422
48440;Hadley;MI;42.952899;-83.40536;-5;1;42.952899,-83.40536
48423;Davison;MI;43.029526;-83.5218;-5;1;43.029526,-83.5218
49001;Kalamazoo;MI;42.278891;-85.55107;-5;1;42.278891,-85.55107
48135;Garden City;MI;42.324338;-83.3382;-5;1;42.324338,-83.3382
48265;Detroit;MI;42.239933;-83.150823;-5;1;42.239933,-83.150823
49169;Dickson;MI;44.30476;-86.015026;-5;1;44.30476,-86.015026
49249;Jerome;MI;42.048979;-84.4396;-5;1;42.048979,-84.4396
48519;Burton;MI;42.984777;-83.61155;-5;1;42.984777,-83.61155
49322;Coral;MI;43.368957;-85.37282;-5;1;43.368957,-85.37282
49401;Allendale;MI;42.973667;-85.9318;-5;1;42.973667,-85.9318
49230;Brooklyn;MI;42.089891;-84.22768;-5;1;42.089891,-84.22768
48190;Whittaker;MI;42.134658;-83.59684;-5;1;42.134658,-83.59684
48501;Flint;MI;42.965926;-83.780835;-5;1;42.965926,-83.780835
49725;De Tour Village;MI;45.992931;-83.98087;-5;1;45.992931,-83.98087
49775;Pointe Aux Pins;MI;45.758378;-84.46507;-5;1;45.758378,-84.46507
49744;Herron;MI;44.993111;-83.65723;-5;1;44.993111,-83.65723
48246;Independence;MI;42.712944;-83.348152;-5;1;42.712944,-83.348152
49039;Hagar Shores;MI;42.224757;-86.372276;-5;1;42.224757,-86.372276
49096;Vermontville;MI;42.63222;-85.01188;-5;1;42.63222,-85.01188
48321;Auburn Hills;MI;42.660091;-83.3863;-5;1;42.660091,-83.3863
48059;Fort Gratiot;MI;43.088742;-82.48614;-5;1;43.088742,-82.48614
49688;Tustin;MI;44.117243;-85.43612;-5;1;44.117243,-85.43612
48017;Clawson;MI;42.535534;-83.15112;-5;1;42.535534,-83.15112
48416;Brown City;MI;43.214645;-82.98356;-5;1;43.214645,-82.98356
48823;East Lansing;MI;42.747922;-84.47143;-5;1;42.747922,-84.47143
48703;Au Gres;MI;44.06434;-83.65821;-5;1;44.06434,-83.65821
48067;Royal Oak;MI;42.488735;-83.13752;-5;1;42.488735,-83.13752
49046;Delton;MI;42.504149;-85.39257;-5;1;42.504149,-85.39257
49816;Chatham;MI;46.323845;-86.90766;-5;1;46.323845,-86.90766
48075;Southfield;MI;42.465275;-83.2264;-5;1;42.465275,-83.2264
49238;Deerfield;MI;41.910884;-83.78699;-5;1;41.910884,-83.78699
48209;Detroit;MI;42.307088;-83.11467;-5;1;42.307088,-83.11467
49420;Hart;MI;43.708002;-86.30604;-5;1;43.708002,-86.30604
49908;Baraga;MI;46.795417;-88.52645;-5;1;46.795417,-88.52645
48195;Southgate;MI;42.205289;-83.19812;-5;1;42.205289,-83.19812
48348;Clarkston;MI;42.768373;-83.37805;-5;1;42.768373,-83.37805
48607;Saginaw;MI;43.431375;-83.93267;-5;1;43.431375,-83.93267
48134;Flat Rock;MI;42.107026;-83.28711;-5;1;42.107026,-83.28711
49005;Kalamazoo;MI;42.323045;-85.493232;-5;1;42.323045,-85.493232
49638;Harrietta;MI;44.30192;-85.75597;-5;1;44.30192,-85.75597
49866;Negaunee;MI;46.517192;-87.58245;-5;1;46.517192,-87.58245
48235;Detroit;MI;42.427636;-83.19547;-5;1;42.427636,-83.19547
49706;Alanson;MI;45.431122;-84.77654;-5;1;45.431122,-84.77654
49894;Wells;MI;45.778066;-87.07647;-5;1;45.778066,-87.07647
49636;Glen Arbor;MI;44.884904;-85.98588;-5;1;44.884904,-85.98588
49853;McMillan;MI;46.301265;-85.72321;-5;1;46.301265,-85.72321
48438;Goodrich;MI;42.911611;-83.48421;-5;1;42.911611,-83.48421
48179;South Rockwood;MI;42.049534;-83.26128;-5;1;42.049534,-83.26128
48813;Charlotte;MI;42.580076;-84.8228;-5;1;42.580076,-84.8228
49611;Alba;MI;44.976915;-84.97282;-5;1;44.976915,-84.97282
49715;Brimley;MI;46.411782;-84.66502;-5;1;46.411782,-84.66502
48631;Kawkawlin;MI;43.67579;-83.97973;-5;1;43.67579,-83.97973
49115;Harbert;MI;41.876483;-86.63715;-5;1;41.876483,-86.63715
49266;Osseo;MI;41.844894;-84.55244;-5;1;41.844894,-84.55244
49755;Levering;MI;45.631602;-84.79103;-5;1;45.631602,-84.79103
48567;Flint;MI;42.993102;-83.655654;-5;1;42.993102,-83.655654
48833;Eureka;MI;42.944209;-84.600723;-5;1;42.944209,-84.600723
48880;Saint Louis;MI;43.422397;-84.60041;-5;1;43.422397,-84.60041
49035;Cloverdale;MI;42.595121;-85.308555;-5;1;42.595121,-85.308555
49421;Hesperia;MI;43.595939;-86.0865;-5;1;43.595939,-86.0865
49733;Frederic;MI;44.809476;-84.71727;-5;1;44.809476,-84.71727
48728;Curran;MI;44.746486;-83.83882;-5;1;44.746486,-83.83882
48030;Hazel Park;MI;42.459022;-83.09819;-5;1;42.459022,-83.09819
48841;Henderson;MI;43.104499;-84.23568;-5;1;43.104499,-84.23568
49332;Mecosta;MI;43.623053;-85.25883;-5;1;43.623053,-85.25883
48550;Flint;MI;43.034927;-83.688706;-5;1;43.034927,-83.688706
48864;Okemos;MI;42.702128;-84.41946;-5;1;42.702128,-84.41946
49125;Sawyer;MI;41.890521;-86.59362;-5;1;41.890521,-86.59362
49458;Walhalla;MI;43.945299;-86.11684;-5;1;43.945299,-86.11684
48612;Beaverton;MI;43.87787;-84.42078;-5;1;43.87787,-84.42078
48082;Saint Clair Shores;MI;42.526965;-82.88809;-5;1;42.526965,-82.88809
48168;South Monroe;MI;41.885451;-83.418524;-5;1;41.885451,-83.418524
48637;Merrill;MI;43.410627;-84.33926;-5;1;43.410627,-84.33926
48336;Farmington;MI;42.458502;-83.3464;-5;1;42.458502,-83.3464
48323;West Bloomfield;MI;42.572442;-83.37159;-5;1;42.572442,-83.37159
48154;Livonia;MI;42.396194;-83.37161;-5;1;42.396194,-83.37161
48553;Flint;MI;42.973627;-83.720306;-5;1;42.973627,-83.720306
49961;Sidnaw;MI;46.469552;-88.73659;-5;1;46.469552,-88.73659
48043;Mount Clemens;MI;42.596784;-82.88031;-5;1;42.596784,-82.88031
48386;White Lake;MI;42.642431;-83.47193;-5;1;42.642431,-83.47193
49891;Trenary;MI;46.229173;-87.01715;-5;1;46.229173,-87.01715
48255;Detroit;MI;42.239933;-83.150823;-5;1;42.239933,-83.150823
48371;Oxford;MI;42.823968;-83.27921;-5;1;42.823968,-83.27921
49282;Somerset Center;MI;42.050628;-84.39902;-5;1;42.050628,-84.39902
49825;Eben Junction;MI;46.364487;-86.98096;-5;1;46.364487,-86.98096
49548;Grand Rapids;MI;42.868228;-85.66391;-5;1;42.868228,-85.66391
49445;Muskegon;MI;43.278021;-86.2682;-5;1;43.278021,-86.2682
49963;South Range;MI;47.069257;-88.63936;-5;1;47.069257,-88.63936
48652;Rhodes;MI;43.862479;-84.19641;-5;1;43.862479,-84.19641
48807;Bannister;MI;43.145475;-84.41579;-5;1;43.145475,-84.41579
49268;Palmyra;MI;41.869086;-83.93858;-5;1;41.869086,-83.93858
48036;Clinton Township;MI;42.587117;-82.89837;-5;1;42.587117,-82.89837
48050;New Haven;MI;42.786198;-82.8092;-5;1;42.786198,-82.8092
48022;Emmett;MI;43.013805;-82.79404;-5;1;43.013805,-82.79404
48670;Midland;MI;43.637471;-84.256758;-5;1;43.637471,-84.256758
49946;Lanse;MI;46.766303;-88.37867;-5;1;46.766303,-88.37867
48091;Warren;MI;42.465886;-83.056;-5;1;42.465886,-83.056
49660;Manistee;MI;44.234322;-86.27234;-5;1;44.234322,-86.27234
48551;Flint;MI;42.978995;-83.713124;-5;1;42.978995,-83.713124
48101;Allen Park;MI;42.254788;-83.21027;-5;1;42.254788,-83.21027
49235;Clayton;MI;41.853441;-84.20769;-5;1;41.853441,-84.20769
48161;Monroe;MI;41.904793;-83.41669;-5;1;41.904793,-83.41669
48322;West Bloomfield;MI;42.541268;-83.37551;-5;1;42.541268,-83.37551
49031;Cassopolis;MI;41.907837;-85.98937;-5;1;41.907837,-85.98937
48213;Detroit;MI;42.395904;-82.99632;-5;1;42.395904,-82.99632
48801;Alma;MI;43.377113;-84.66256;-5;1;43.377113,-84.66256
48244;Detroit;MI;42.239933;-83.150823;-5;1;42.239933,-83.150823
49234;Clarklake;MI;42.121774;-84.36382;-5;1;42.121774,-84.36382
49085;Saint Joseph;MI;42.074435;-86.47935;-5;1;42.074435,-86.47935
48063;Columbus;MI;42.85452;-82.68244;-5;1;42.85452,-82.68244
48334;Farmington;MI;42.5065;-83.35363;-5;1;42.5065,-83.35363
48380;Milford;MI;42.586597;-83.66826;-5;1;42.586597,-83.66826
49315;Byron Center;MI;42.802932;-85.72542;-5;1;42.802932,-85.72542
48191;Willis;MI;42.121345;-83.57071;-5;1;42.121345,-83.57071
48554;Flint;MI;42.972244;-83.79463;-5;1;42.972244,-83.79463
48906;Lansing;MI;42.764167;-84.56153;-5;1;42.764167,-84.56153
48859;Mount Pleasant;MI;43.564736;-84.847297;-5;1;43.564736,-84.847297
49026;Bloomingdale;MI;42.371729;-85.9679;-5;1;42.371729,-85.9679
49091;Sturgis;MI;41.822244;-85.43234;-5;1;41.822244,-85.43234
49067;Marcellus;MI;42.026876;-85.8033;-5;1;42.026876,-85.8033
49314;Burnips;MI;42.731193;-85.840372;-5;1;42.731193,-85.840372
49410;Fountain;MI;44.016249;-86.14028;-5;1;44.016249,-86.14028
49418;Grandville;MI;42.891709;-85.76466;-5;1;42.891709,-85.76466
49457;Twin Lake;MI;43.360182;-86.18835;-5;1;43.360182,-86.18835
48124;Dearborn;MI;42.294987;-83.25049;-5;1;42.294987,-83.25049
49226;Bloomingdale;MI;42.379469;-85.976841;-5;1;42.379469,-85.976841
49503;Grand Rapids;MI;42.964176;-85.65885;-5;1;42.964176,-85.65885
48887;Smyrna;MI;42.944929;-85.074665;-5;1;42.944929,-85.074665
49648;Kewadin;MI;45.000254;-85.3651;-5;1;45.000254,-85.3651
49007;Kalamazoo;MI;42.29714;-85.58573;-5;1;42.29714,-85.58573
48157;Luna Pier;MI;41.811196;-83.44141;-5;1;41.811196,-83.44141
49656;Luther;MI;44.05505;-85.69759;-5;1;44.05505,-85.69759
48563;Markey;MI;44.407339;-84.695963;-5;1;44.407339,-84.695963
49440;Muskegon;MI;43.234014;-86.25131;-5;1;43.234014,-86.25131
49014;Battle Creek;MI;42.311089;-85.13845;-5;1;42.311089,-85.13845
48466;Peck;MI;43.264205;-82.81674;-5;1;43.264205,-82.81674
48901;Lansing;MI;42.599184;-84.371973;-5;1;42.599184,-84.371973
49705;Afton;MI;45.355074;-84.47898;-5;1;45.355074,-84.47898
49958;Pelkie;MI;46.830728;-88.65751;-5;1;46.830728,-88.65751
48105;Ann Arbor;MI;42.307288;-83.70443;-5;1;42.307288,-83.70443
49093;Three Rivers;MI;41.958306;-85.63829;-5;1;41.958306,-85.63829
49685;Traverse City;MI;44.816178;-85.575147;-5;1;44.816178,-85.575147
48412;Attica;MI;43.053648;-83.16651;-5;1;43.053648,-83.16651
48875;Portland;MI;42.864338;-84.91289;-5;1;42.864338,-84.91289
48435;Fostoria;MI;43.239123;-83.36195;-5;1;43.239123,-83.36195
49424;Holland;MI;42.823232;-86.12726;-5;1;42.823232,-86.12726
48061;Port Huron;MI;42.824095;-82.66522;-5;1;42.824095,-82.66522
49441;Muskegon;MI;43.199364;-86.2668;-5;1;43.199364,-86.2668
49808;Big Bay;MI;46.650313;-87.86241;-5;1;46.650313,-87.86241
48740;Harrisville;MI;44.663477;-83.3516;-5;1;44.663477,-83.3516
48556;Flint;MI;43.032677;-83.646255;-5;1;43.032677,-83.646255
49130;Union;MI;41.787096;-85.83605;-5;1;41.787096,-85.83605
49302;Alto;MI;42.834137;-85.41889;-5;1;42.834137,-85.41889
49098;Watervliet;MI;42.186679;-86.25718;-5;1;42.186679,-86.25718
48729;Deford;MI;43.492259;-83.17874;-5;1;43.492259,-83.17874
49074;Nazareth;MI;42.245412;-85.529858;-5;1;42.245412,-85.529858
49272;Pleasant Lake;MI;42.398355;-84.34471;-5;1;42.398355,-84.34471
49695;Custer;MI;44.918887;-85.131606;-5;1;44.918887,-85.131606
48555;Flint;MI;43.011277;-83.710756;-5;1;43.011277,-83.710756
49515;Grand Rapids;MI;43.031413;-85.550267;-5;1;43.031413,-85.550267
48755;Pigeon;MI;43.85672;-83.28557;-5;1;43.85672,-83.28557
48924;Lansing;MI;42.599184;-84.371973;-5;1;42.599184,-84.371973
49601;Cadillac;MI;44.243788;-85.46006;-5;1;44.243788,-85.46006
48035;Clinton Township;MI;42.554134;-82.90786;-5;1;42.554134,-82.90786
48072;Berkley;MI;42.497035;-83.18532;-5;1;42.497035,-83.18532
48122;Melvindale;MI;42.281638;-83.18188;-5;1;42.281638,-83.18188
48304;Bloomfield Hills;MI;42.586677;-83.22956;-5;1;42.586677,-83.22956
48187;Canton;MI;42.33087;-83.47575;-5;1;42.33087,-83.47575
49748;Hulbert;MI;46.340461;-85.16591;-5;1;46.340461,-85.16591
49827;Engadine;MI;46.156073;-85.57069;-5;1;46.156073,-85.57069
49436;Mears;MI;43.678258;-86.46576;-5;1;43.678258,-86.46576
48083;Troy;MI;42.556943;-83.11506;-5;1;42.556943,-83.11506
49042;Constantine;MI;41.847413;-85.66411;-5;1;41.847413,-85.66411
49055;Gobles;MI;42.37346;-85.85725;-5;1;42.37346,-85.85725
48367;Leonard;MI;42.838438;-83.14416;-5;1;42.838438,-83.14416
49411;Free Soil;MI;44.100701;-86.2662;-5;1;44.100701,-86.2662
49053;Galesburg;MI;42.289991;-85.41657;-5;1;42.289991,-85.41657
48878;Rosebush;MI;43.713365;-84.77731;-5;1;43.713365,-84.77731
49616;Benzonia;MI;44.592766;-86.08323;-5;1;44.592766,-86.08323
48721;Black River;MI;44.79652;-83.32907;-5;1;44.79652,-83.32907
48916;Lansing;MI;42.599184;-84.371973;-5;1;42.599184,-84.371973
49449;Pentwater;MI;43.791699;-86.40276;-5;1;43.791699,-86.40276
49924;Houghton;MI;47.414054;-88.297959;-5;1;47.414054,-88.297959
49404;Coopersville;MI;43.06507;-85.94516;-5;1;43.06507,-85.94516
49777;Presque Isle;MI;45.311011;-83.49878;-5;1;45.311011,-83.49878
49544;Grand Rapids;MI;42.999561;-85.75371;-5;1;42.999561,-85.75371
49057;Hartford;MI;42.19923;-86.16943;-5;1;42.19923,-86.16943
48430;Fenton;MI;42.78459;-83.74074;-5;1;42.78459,-83.74074
49274;Reading;MI;41.843254;-84.75263;-5;1;41.843254,-84.75263
49016;Battle Creek;MI;42.34381;-85.29136;-5;1;42.34381,-85.29136
49518;Grand Rapids;MI;43.031413;-85.550267;-5;1;43.031413,-85.550267
48182;Temperance;MI;41.773203;-83.57793;-5;1;41.773203,-83.57793
49229;Britton;MI;41.991654;-83.82631;-5;1;41.991654,-83.82631
48608;Saginaw;MI;43.348535;-84.032612;-5;1;43.348535,-84.032612
48895;Williamston;MI;42.68669;-84.27844;-5;1;42.68669,-84.27844
49127;Stevensville;MI;42.015092;-86.51351;-5;1;42.015092,-86.51351
49261;Napoleon;MI;42.164338;-84.24575;-5;1;42.164338,-84.24575
49736;Goetzville;MI;46.064734;-84.15477;-5;1;46.064734,-84.15477
49960;Rockland;MI;46.739853;-89.18126;-5;1;46.739853,-89.18126
49227;Allen;MI;41.956743;-84.76598;-5;1;41.956743,-84.76598
48767;Unionville;MI;43.645608;-83.46527;-5;1;43.645608,-83.46527
48805;Okemos;MI;42.599184;-84.371973;-5;1;42.599184,-84.371973
48037;Southfield;MI;42.567543;-83.149978;-5;1;42.567543,-83.149978
48097;Yale;MI;43.131709;-82.81411;-5;1;43.131709,-82.81411
48649;Oakley;MI;43.150386;-84.1976;-5;1;43.150386,-84.1976
48449;Lennon;MI;42.988946;-83.94468;-5;1;42.988946,-83.94468
48126;Dearborn;MI;42.333787;-83.18179;-5;1;42.333787,-83.18179
48353;Hartland;MI;42.644709;-83.71792;-5;1;42.644709,-83.71792
48505;Flint;MI;43.062076;-83.69728;-5;1;43.062076,-83.69728
48734;Frankenmuth;MI;43.340413;-83.74123;-5;1;43.340413,-83.74123
48861;Mulliken;MI;42.733673;-84.92575;-5;1;42.733673,-84.92575
48001;Algonac;MI;42.631359;-82.554;-5;1;42.631359,-82.554
48625;Harrison;MI;44.052759;-84.83959;-5;1;44.052759,-84.83959
48846;Ionia;MI;42.981932;-85.06679;-5;1;42.981932,-85.06679
48005;Armada;MI;42.842554;-82.91471;-5;1;42.842554,-82.91471
48103;Ann Arbor;MI;42.280887;-83.79147;-5;1;42.280887,-83.79147
49090;South Haven;MI;42.403593;-86.24912;-5;1;42.403593,-86.24912
49408;Fennville;MI;42.575519;-86.12461;-5;1;42.575519,-86.12461
48159;Maybee;MI;42.01968;-83.54756;-5;1;42.01968,-83.54756
49097;Vicksburg;MI;42.117028;-85.5073;-5;1;42.117028,-85.5073
49654;Leland;MI;45.023384;-85.75697;-5;1;45.023384,-85.75697
48759;Sebewaing;MI;43.737971;-83.43007;-5;1;43.737971,-83.43007
48821;Dimondale;MI;42.645985;-84.64772;-5;1;42.645985,-84.64772
49263;Norvell;MI;42.158739;-84.18274;-5;1;42.158739,-84.18274
48064;Casco;MI;42.773535;-82.67684;-5;1;42.773535,-82.67684
48301;Bloomfield Hills;MI;42.546445;-83.28083;-5;1;42.546445,-83.28083
48732;Essexville;MI;43.605861;-83.81298;-5;1;43.605861,-83.81298
48736;Gilford;MI;43.49442;-83.624431;-5;1;43.49442,-83.624431
48396;Wixom;MI;42.523233;-83.537887;-5;1;42.523233,-83.537887
48117;Carleton;MI;42.05589;-83.40605;-5;1;42.05589,-83.40605
48832;Elwell;MI;43.411924;-84.77657;-5;1;43.411924,-84.77657
49344;Shelbyville;MI;42.588087;-85.5824;-5;1;42.588087,-85.5824
48655;Saint Charles;MI;43.297082;-84.14652;-5;1;43.297082,-84.14652
49120;Niles;MI;41.828055;-86.23981;-5;1;41.828055,-86.23981
49415;Fruitport;MI;43.135994;-86.13348;-5;1;43.135994,-86.13348
48318;Utica;MI;42.672322;-82.903065;-5;1;42.672322,-82.903065
48710;University Center;MI;43.556574;-83.994328;-5;1;43.556574,-83.994328
49020;Bedford;MI;42.246402;-85.004511;-5;1;42.246402,-85.004511
49092;Tekonsha;MI;42.09724;-84.97543;-5;1;42.09724,-84.97543
48192;Wyandotte;MI;42.199989;-83.17402;-5;1;42.199989,-83.17402
48892;Webberville;MI;42.643684;-84.17011;-5;1;42.643684,-84.17011
49326;Gowen;MI;43.244538;-85.34217;-5;1;43.244538,-85.34217
48730;East Tawas;MI;44.335904;-83.48516;-5;1;44.335904,-83.48516
48361;Lake Orion;MI;42.660091;-83.3863;-5;1;42.660091,-83.3863
49087;Schoolcraft;MI;42.117421;-85.67594;-5;1;42.117421,-85.67594
49768;Paradise;MI;46.659548;-85.09913;-5;1;46.659548,-85.09913
48198;Ypsilanti;MI;42.247039;-83.58215;-5;1;42.247039,-83.58215
49317;Cannonsburg;MI;43.071201;-85.480856;-5;1;43.071201,-85.480856
49971;White Pine;MI;46.754237;-89.57925;-5;1;46.754237,-89.57925
48320;Keego Harbor;MI;42.611783;-83.33757;-5;1;42.611783,-83.33757
48084;Troy;MI;42.563505;-83.18405;-5;1;42.563505,-83.18405
48889;Sumner;MI;43.293977;-84.79415;-5;1;43.293977,-84.79415
49286;Tecumseh;MI;42.012268;-83.93878;-5;1;42.012268,-83.93878
48651;Prudenville;MI;44.258616;-84.646;-5;1;44.258616,-84.646
48919;Lansing;MI;42.728585;-84.551728;-5;1;42.728585,-84.551728
49269;Parma;MI;42.285987;-84.59305;-5;1;42.285987,-84.59305
48667;Midland;MI;43.647297;-84.387331;-5;1;43.647297,-84.387331
49732;Forest;MI;45.354266;-84.301497;-5;1;45.354266,-84.301497
49613;Arcadia;MI;44.494139;-86.21509;-5;1;44.494139,-86.21509
49840;Gulliver;MI;46.000666;-85.9963;-5;1;46.000666,-85.9963
49925;Ewen;MI;46.555946;-89.34434;-5;1;46.555946,-89.34434
48619;Comins;MI;44.825431;-84.04695;-5;1;44.825431,-84.04695
49254;Michigan Center;MI;42.230336;-84.32597;-5;1;42.230336,-84.32597
49806;Au Train;MI;46.436663;-86.88541;-5;1;46.436663,-86.88541
49321;Comstock Park;MI;43.059661;-85.67384;-5;1;43.059661,-85.67384
49716;Brutus;MI;45.515594;-84.72353;-5;1;45.515594,-84.72353
49885;Skandia;MI;46.356104;-87.25211;-5;1;46.356104,-87.25211
48014;Capac;MI;43.01185;-82.93255;-5;1;43.01185,-82.93255
48439;Grand Blanc;MI;42.925677;-83.63585;-5;1;42.925677,-83.63585
49416;Glenn;MI;42.630533;-86.072032;-5;1;42.630533,-86.072032
49102;Berrien Center;MI;41.949244;-86.26909;-5;1;41.949244,-86.26909
48422;Croswell;MI;43.263998;-82.64573;-5;1;43.263998,-82.64573
48720;Bay Port;MI;43.831509;-83.34887;-5;1;43.831509,-83.34887
49083;Richland;MI;42.379689;-85.45022;-5;1;42.379689,-85.45022
49204;Jackson;MI;42.252847;-84.213755;-5;1;42.252847,-84.213755
48723;Caro;MI;43.490117;-83.3881;-5;1;43.490117,-83.3881
49749;Indian River;MI;45.418813;-84.59578;-5;1;45.418813,-84.59578
49119;New Troy;MI;41.875968;-86.54919;-5;1;41.875968,-86.54919
49437;Montague;MI;43.436692;-86.37093;-5;1;43.436692,-86.37093
48131;Dundee;MI;41.965806;-83.67133;-5;1;41.965806,-83.67133
49523;Grand Rapids;MI;43.031413;-85.550267;-5;1;43.031413,-85.550267
48066;Roseville;MI;42.503285;-82.93851;-5;1;42.503285,-82.93851
48098;Troy;MI;42.599133;-83.15235;-5;1;42.599133,-83.15235
48356;Highland;MI;42.66415;-83.58982;-5;1;42.66415,-83.58982
49582;Colfax;MI;44.544624;-85.832785;-5;1;44.544624,-85.832785
48312;Sterling Heights;MI;42.558151;-83.00446;-5;1;42.558151,-83.00446
48303;Bloomfield Hills;MI;42.660091;-83.3863;-5;1;42.660091,-83.3863
49765;Onaway;MI;45.354463;-84.23956;-5;1;45.354463,-84.23956
49790;Strongs;MI;46.387377;-84.966792;-5;1;46.387377,-84.966792
48021;Eastpointe;MI;42.466086;-82.94641;-5;1;42.466086,-82.94641
48331;Farmington;MI;42.508809;-83.40875;-5;1;42.508809,-83.40875
48884;Sheridan;MI;43.21107;-85.04772;-5;1;43.21107,-85.04772
49202;Jackson;MI;42.262135;-84.41052;-5;1;42.262135,-84.41052
48819;Dansville;MI;42.552218;-84.27674;-5;1;42.552218,-84.27674
49729;Ellsworth;MI;45.160264;-85.26699;-5;1;45.160264,-85.26699
48212;Hamtramck;MI;42.410037;-83.05826;-5;1;42.410037,-83.05826
48125;Dearborn Heights;MI;42.277388;-83.25987;-5;1;42.277388,-83.25987
48360;Lake Orion;MI;42.74628;-83.2612;-5;1;42.74628,-83.2612
48333;Farmington;MI;42.660091;-83.3863;-5;1;42.660091,-83.3863
48469;Port Sanilac;MI;43.452038;-82.54948;-5;1;43.452038,-82.54948
49347;Trufant;MI;43.3157;-85.35285;-5;1;43.3157,-85.35285
49782;Beaver Island;MI;45.739114;-85.55339;-5;1;45.739114,-85.55339
48137;Gregory;MI;42.445724;-84.06078;-5;1;42.445724,-84.06078
48633;Lake George;MI;43.959478;-84.93861;-5;1;43.959478,-84.93861
48295;Detroit;MI;42.239933;-83.150823;-5;1;42.239933,-83.150823
48627;Higgins Lake;MI;44.462149;-84.747;-5;1;44.462149,-84.747
48763;Tawas City;MI;44.250144;-83.55805;-5;1;44.250144,-83.55805
48618;Coleman;MI;43.747084;-84.55669;-5;1;43.747084,-84.55669
48760;Silverwood;MI;43.331961;-83.25403;-5;1;43.331961,-83.25403
49128;Three Oaks;MI;41.820452;-86.61984;-5;1;41.820452,-86.61984
49865;National Mine;MI;46.604141;-87.614805;-5;1;46.604141,-87.614805
49461;Whitehall;MI;43.389775;-86.34028;-5;1;43.389775,-86.34028
48950;Lansing;MI;42.599184;-84.371973;-5;1;42.599184,-84.371973
48706;Bay City;MI;43.607523;-83.9162;-5;1;43.607523,-83.9162
48874;Pompeii;MI;43.184467;-84.6032;-5;1;43.184467,-84.6032
48472;Snover;MI;43.512287;-82.9635;-5;1;43.512287,-82.9635
49060;Hickory Corners;MI;42.424387;-85.4055;-5;1;42.424387,-85.4055
49713;Boyne Falls;MI;45.206973;-84.86185;-5;1;45.206973,-84.86185
49710;Barbeau;MI;46.274091;-84.17164;-5;1;46.274091,-84.17164
48415;Birch Run;MI;43.268788;-83.79486;-5;1;43.268788,-83.79486
48299;Detroit;MI;42.239933;-83.150823;-5;1;42.239933,-83.150823
48754;Owendale;MI;43.736747;-83.24746;-5;1;43.736747,-83.24746
49129;Union Pier;MI;41.827718;-86.69237;-5;1;41.827718,-86.69237
48025;Franklin;MI;42.524134;-83.25454;-5;1;42.524134,-83.25454
49351;Rockford;MI;43.031413;-85.550267;-5;1;43.031413,-85.550267
49651;Lake City;MI;44.382889;-85.14305;-5;1;44.382889,-85.14305
49501;Grand Rapids;MI;42.984226;-85.629101;-5;1;42.984226,-85.629101
49837;Gladstone;MI;45.847136;-87.04529;-5;1;45.847136,-87.04529
49955;Painesdale;MI;47.034828;-88.6719;-5;1;47.034828,-88.6719
48054;East China;MI;42.769956;-82.52595;-5;1;42.769956,-82.52595
48311;Sterling Heights;MI;42.672322;-82.903065;-5;1;42.672322,-82.903065
49276;Riga;MI;41.798043;-83.79433;-5;1;41.798043,-83.79433
49719;Cedarville;MI;45.998074;-84.32615;-5;1;45.998074,-84.32615
48047;New Baltimore;MI;42.670932;-82.77754;-5;1;42.670932,-82.77754
48375;Novi;MI;42.462734;-83.45865;-5;1;42.462734,-83.45865
48891;Vestaburg;MI;43.402185;-84.92216;-5;1;43.402185,-84.92216
49626;Eastlake;MI;44.245509;-86.29477;-5;1;44.245509,-86.29477
49036;Coldwater;MI;41.912776;-85.0142;-5;1;41.912776,-85.0142
49610;Acme;MI;44.789382;-85.488449;-5;1;44.789382,-85.488449
49622;Central Lake;MI;45.074263;-85.26929;-5;1;45.074263,-85.26929
48937;Lansing;MI;42.748734;-84.559029;-5;1;42.748734,-84.559029
49912;Bruce Crossing;MI;46.46077;-89.15645;-5;1;46.46077,-89.15645
48015;Center Line;MI;42.479137;-83.02449;-5;1;42.479137,-83.02449
48606;Saginaw;MI;43.348535;-84.032612;-5;1;43.348535,-84.032612
48838;Greenville;MI;43.1791;-85.26533;-5;1;43.1791,-85.26533
48629;Houghton Lake;MI;44.305812;-84.75589;-5;1;44.305812,-84.75589
48809;Belding;MI;43.085313;-85.24478;-5;1;43.085313,-85.24478
48635;Lupton;MI;44.399711;-83.99444;-5;1;44.399711,-83.99444
49590;Whitewater;MI;44.851771;-85.394202;-5;1;44.851771,-85.394202
48917;Lansing;MI;42.735535;-84.62698;-5;1;42.735535,-84.62698
49099;White Pigeon;MI;41.792628;-85.67233;-5;1;41.792628,-85.67233
48504;Flint;MI;43.043627;-83.73126;-5;1;43.043627,-83.73126
48222;Detroit;MI;42.239933;-83.150823;-5;1;42.239933,-83.150823
48314;Sterling Heights;MI;42.609789;-83.04844;-5;1;42.609789,-83.04844
48462;Ortonville;MI;42.84391;-83.43109;-5;1;42.84391,-83.43109
49862;Munising;MI;46.37503;-86.70615;-5;1;46.37503,-86.70615
48804;Mount Pleasant;MI;43.640574;-84.847417;-5;1;43.640574,-84.847417
48023;Fair Haven;MI;42.693915;-82.66859;-5;1;42.693915,-82.66859
48170;Plymouth;MI;42.370837;-83.4856;-5;1;42.370837,-83.4856
48308;Rochester;MI;42.638533;-83.131426;-5;1;42.638533,-83.131426
48419;Carsonville;MI;43.420791;-82.6415;-5;1;43.420791,-82.6415
49033;Ceresco;MI;42.239592;-85.09307;-5;1;42.239592,-85.09307
49707;Alpena;MI;45.08583;-83.46411;-5;1;45.08583,-83.46411
48860;Muir;MI;43.026842;-84.92633000000001;-5;1;43.026842,-84.92633
49284;Springport;MI;42.38806;-84.70868;-5;1;42.38806,-84.70868
49459;Walkerville;MI;43.733491;-86.11462;-5;1;43.733491,-86.11462
48138;Grosse Ile;MI;42.130091;-83.16017;-5;1;42.130091,-83.16017
49696;Traverse City;MI;44.816178;-85.575147;-5;1;44.816178,-85.575147
48189;Whitmore Lake;MI;42.422746;-83.78009;-5;1;42.422746,-83.78009
48896;Winn;MI;43.523617;-84.90307;-5;1;43.523617,-84.90307
49346;Stanwood;MI;43.587286;-85.37833;-5;1;43.587286,-85.37833
49530;Grand Rapids;MI;43.031413;-85.550267;-5;1;43.031413,-85.550267
49319;Cedar Springs;MI;43.224155;-85.54811;-5;1;43.224155,-85.54811
49413;Fremont;MI;43.554311;-85.800884;-5;1;43.554311,-85.800884
49328;Hopkins;MI;42.634199;-85.75809;-5;1;42.634199,-85.75809
49779;Rogers City;MI;45.413252;-83.83626;-5;1;45.413252,-83.83626
48144;Lambertville;MI;41.754298;-83.63047;-5;1;41.754298,-83.63047
48829;Edmore;MI;43.404412;-85.03033;-5;1;43.404412,-85.03033
49309;Bitely;MI;43.747881;-85.86094;-5;1;43.747881,-85.86094
48216;Detroit;MI;42.328338;-83.07805;-5;1;42.328338,-83.07805
48630;Houghton Lake Heights;MI;44.327064;-84.77405;-5;1;44.327064,-84.77405
48758;Richville;MI;43.407321;-83.676156;-5;1;43.407321,-83.676156
48806;Ashley;MI;43.179346;-84.50765;-5;1;43.179346,-84.50765
49019;Kalamazoo;MI;42.245412;-85.529858;-5;1;42.245412,-85.529858
49079;Paw Paw;MI;42.22514;-85.90002;-5;1;42.22514,-85.90002
48628;Hope;MI;43.807162;-84.33789;-5;1;43.807162,-84.33789
49750;Lewiston;MI;44.884763;-84.35977;-5;1;44.884763,-84.35977
49760;Moran;MI;46.048831;-84.94734;-5;1;46.048831,-84.94734
48471;Sandusky;MI;43.418054;-82.83687;-5;1;43.418054,-82.83687
49006;Kalamazoo;MI;42.295005;-85.62247;-5;1;42.295005,-85.62247
48748;National City;MI;44.328794;-83.66579;-5;1;44.328794,-83.66579
48613;Bentley;MI;43.93724;-84.12889;-5;1;43.93724,-84.12889
49082;Quincy;MI;41.943472;-84.87559;-5;1;41.943472,-84.87559
49065;Lawton;MI;42.144087;-85.84205;-5;1;42.144087,-85.84205
48434;Forestville;MI;43.66139;-82.60984;-5;1;43.66139,-82.60984
48750;Oscoda;MI;44.447318;-83.41927;-5;1;44.447318,-83.41927
49024;Portage;MI;42.216541;-85.61773;-5;1;42.216541,-85.61773
49288;Waldron;MI;41.733173;-84.44772;-5;1;41.733173,-84.44772
49829;Escanaba;MI;45.751671;-87.08951;-5;1;45.751671,-87.08951
48116;Brighton;MI;42.509476;-83.77718;-5;1;42.509476,-83.77718
48735;Gagetown;MI;43.664592999999996;-83.26005;-5;1;43.664593,-83.26005
48879;Saint Johns;MI;42.998998;-84.57704;-5;1;42.998998,-84.57704
49455;Shelby;MI;43.607628;-86.37004;-5;1;43.607628,-86.37004
49642;Idlewild;MI;43.880898;-85.78999;-5;1;43.880898,-85.78999
49717;Burt Lake;MI;45.430705;-84.691207;-5;1;45.430705,-84.691207
48803;Troy;MI;42.581148;-83.09901;-5;1;42.581148,-83.09901
49506;Grand Rapids;MI;42.945727;-85.61899;-5;1;42.945727,-85.61899
49507;Grand Rapids;MI;42.933077;-85.65435;-5;1;42.933077,-85.65435
49945;Lake Linden;MI;47.17583;-88.32904;-5;1;47.17583,-88.32904
48019;Rose;MI;42.755627;-83.612581;-5;1;42.755627,-83.612581
48636;Luzerne;MI;44.616344;-84.27784;-5;1;44.616344,-84.27784
48686;Midland;MI;43.647297;-84.387331;-5;1;43.647297,-84.387331
48877;Riverdale;MI;43.403224;-84.84062;-5;1;43.403224,-84.84062
49647;Paradise;MI;44.515487;-85.527652;-5;1;44.515487,-85.527652
49348;Wayland;MI;42.681969;-85.62761;-5;1;42.681969,-85.62761
48096;Ray;MI;42.753378;-82.91658;-5;1;42.753378,-82.91658
48921;Lansing;MI;42.723735;-84.555629;-5;1;42.723735,-84.555629
49726;Drummond Island;MI;45.994672;-83.75198;-5;1;45.994672,-83.75198
49047;Dowagiac;MI;42.004729;-86.1208;-5;1;42.004729,-86.1208
48437;Genesee;MI;43.111009;-83.62016;-5;1;43.111009,-83.62016
49434;Macatawa;MI;42.768619;-86.20597;-5;1;42.768619,-86.20597
48427;Deckerville;MI;43.519997;-82.71234;-5;1;43.519997,-82.71234
48621;Fairview;MI;44.718279;-83.98795;-5;1;44.718279,-83.98795
49337;Newaygo;MI;43.430588;-85.73515;-5;1;43.430588,-85.73515
48183;Trenton;MI;42.137071;-83.21446;-5;1;42.137071,-83.21446
48316;Utica;MI;42.689632;-83.06154;-5;1;42.689632,-83.06154
49325;Freeport;MI;42.763599;-85.31026;-5;1;42.763599,-85.31026
48238;Detroit;MI;42.396736;-83.14152;-5;1;42.396736,-83.14152
49649;Kingsley;MI;44.561602;-85.52611;-5;1;44.561602,-85.52611
49797;Waters;MI;44.870233999999996;-84.659847;-5;1;44.870234,-84.659847
49737;Good Hart;MI;45.580183;-85.113678;-5;1;45.580183,-85.113678
49644;Irons;MI;44.105814;-85.92846;-5;1;44.105814,-85.92846
48446;Lapeer;MI;43.048777;-83.33073;-5;1;43.048777,-83.33073
48173;Rockwood;MI;42.073793;-83.21575;-5;1;42.073793,-83.21575
48907;Lansing;MI;42.596071;-84.838206;-5;1;42.596071,-84.838206
49505;Grand Rapids;MI;43.000076;-85.64785;-5;1;43.000076,-85.64785
48840;Haslett;MI;42.760217;-84.39027;-5;1;42.760217,-84.39027
49232;Camden;MI;41.731009;-84.65993;-5;1;41.731009,-84.65993
49836;Germfask;MI;46.180416;-85.90176;-5;1;46.180416,-85.90176
49304;Baldwin;MI;43.895264;-85.88157;-5;1;43.895264,-85.88157
49612;Alden;MI;44.877741;-85.24163;-5;1;44.877741,-85.24163
48152;Livonia;MI;42.427835;-83.36299;-5;1;42.427835,-83.36299
49666;Mayfield;MI;44.635328;-85.5614;-5;1;44.635328,-85.5614
48088;Warren;MI;42.516851;-82.982757;-5;1;42.516851,-82.982757
49101;Baroda;MI;41.944869;-86.48827;-5;1;41.944869,-86.48827
48739;Hale;MI;44.379147;-83.83539;-5;1;44.379147,-83.83539
49614;Bear Lake;MI;44.433903;-86.12625;-5;1;44.433903,-86.12625
49745;Hessel;MI;46.01207;-84.45048;-5;1;46.01207,-84.45048
49838;Gould City;MI;46.095949;-85.71737;-5;1;46.095949,-85.71737
49419;Hamilton;MI;42.679762;-85.98996;-5;1;42.679762,-85.98996
49450;Pullman;MI;42.484769;-86.07944;-5;1;42.484769,-86.07944
49620;Buckley;MI;44.516368;-85.68623;-5;1;44.516368,-85.68623
48272;Detroit;MI;42.239933;-83.150823;-5;1;42.239933,-83.150823
49251;Leslie;MI;42.464769;-84.41116;-5;1;42.464769,-84.41116
48070;Huntington Woods;MI;42.482585;-83.16812;-5;1;42.482585,-83.16812
48862;North Star;MI;43.356518;-84.497138;-5;1;43.356518,-84.497138
48350;Davisburg;MI;42.747677;-83.52283;-5;1;42.747677,-83.52283
48363;Oakland;MI;42.765582;-83.17281;-5;1;42.765582,-83.17281
48822;Eagle;MI;42.8288;-84.76379;-5;1;42.8288,-84.76379
49463;Wabaningo;MI;43.295493;-86.468853;-5;1;43.295493,-86.468853
48724;Carrollton;MI;43.460075;-83.92772;-5;1;43.460075,-83.92772
48659;Sterling;MI;44.080925;-84.02506;-5;1;44.080925,-84.02506
48095;Washington;MI;42.779239;-83.02605;-5;1;42.779239,-83.02605
48442;Holly;MI;42.800191;-83.5968;-5;1;42.800191,-83.5968
48414;Bancroft;MI;42.869478;-84.0761;-5;1;42.869478,-84.0761
48186;Westland;MI;42.293787;-83.37464;-5;1;42.293787,-83.37464
49409;Ferrysburg;MI;43.080865;-86.215413;-5;1;43.080865,-86.215413
48870;Palo;MI;43.113587;-85.007665;-5;1;43.113587,-85.007665
49320;Chippewa Lake;MI;43.755335;-85.278303;-5;1;43.755335,-85.278303
49950;Mohawk;MI;47.400603;-88.14768;-5;1;47.400603,-88.14768
48049;North Street;MI;43.03154;-82.59251;-5;1;43.03154,-82.59251
48761;South Branch;MI;44.54106;-83.91915;-5;1;44.54106,-83.91915
49657;McBain;MI;44.204505;-85.1771;-5;1;44.204505,-85.1771
48370;Oxford;MI;42.820082;-83.20932;-5;1;42.820082,-83.20932
48158;Manchester;MI;42.14784;-84.03123;-5;1;42.14784,-84.03123
49405;Custer;MI;43.907681;-86.19014;-5;1;43.907681,-86.19014
48849;Lake Odessa;MI;42.788151;-85.13565;-5;1;42.788151,-85.13565
48909;Lansing;MI;42.599184;-84.371973;-5;1;42.599184,-84.371973
49058;Hastings;MI;42.64275;-85.29296;-5;1;42.64275,-85.29296
49201;Jackson;MI;42.252268;-84.38842;-5;1;42.252268,-84.38842
49259;Munith;MI;42.371819;-84.25886;-5;1;42.371819,-84.25886
49766;Ossineke;MI;44.920907;-83.45125;-5;1;44.920907,-83.45125
48048;New Haven;MI;42.739751;-82.79758;-5;1;42.739751,-82.79758
48506;Flint;MI;43.047826;-83.64688;-5;1;43.047826,-83.64688
48910;Lansing;MI;42.704435;-84.54915;-5;1;42.704435,-84.54915
49929;Greenland;MI;46.780926;-89.09762;-5;1;46.780926,-89.09762
48933;Lansing;MI;42.731885;-84.55492;-5;1;42.731885,-84.55492
49565;Newkirk;MI;44.115429;-85.78338;-5;1;44.115429,-85.78338
49635;Frankfort;MI;44.631;-86.21484;-5;1;44.631,-86.21484
49674;Omena;MI;45.066568;-85.597374;-5;1;45.066568,-85.597374
48042;Macomb;MI;42.68347;-82.92958;-5;1;42.68347,-82.92958
49974;Pickford;MI;46.158139;-84.361116;-5;1;46.158139,-84.361116
48150;Livonia;MI;42.365936;-83.36513;-5;1;42.365936,-83.36513
48609;Saginaw;MI;43.40153;-84.09438;-5;1;43.40153,-84.09438
48908;Lansing;MI;42.596071;-84.838206;-5;1;42.596071,-84.838206
49962;Skanee;MI;46.877;-88.17166;-5;1;46.877,-88.17166
49442;Muskegon;MI;43.232615;-86.1955;-5;1;43.232615,-86.1955
49512;Grand Rapids;MI;42.888821;-85.5616;-5;1;42.888821,-85.5616
48722;Bridgeport;MI;43.346632;-83.84636;-5;1;43.346632,-83.84636
49064;Lawrence;MI;42.215357;-86.04822;-5;1;42.215357,-86.04822
49032;Centreville;MI;41.924331;-85.51068;-5;1;41.924331,-85.51068
48764;Tawas City;MI;44.266549;-83.519166;-5;1;44.266549,-83.519166
48329;Waterford;MI;42.68828;-83.38967;-5;1;42.68828,-83.38967
48106;Ann Arbor;MI;42.253502;-83.836571;-5;1;42.253502,-83.836571
48460;New Lothrop;MI;43.131102;-83.98443;-5;1;43.131102,-83.98443
48744;Mayville;MI;43.34896;-83.35883;-5;1;43.34896,-83.35883
49667;Merritt;MI;44.335387;-84.91649;-5;1;44.335387,-84.91649
49029;Burlington;MI;42.142445;-85.09728;-5;1;42.142445,-85.09728
48830;Elm Hall;MI;43.362879;-84.83662;-5;1;43.362879,-84.83662
49682;Suttons Bay;MI;44.993085;-85.63635;-5;1;44.993085,-85.63635
49739;Grayling;MI;44.682996;-84.610441;-5;1;44.682996,-84.610441
49002;Portage;MI;42.210792;-85.55958;-5;1;42.210792,-85.55958
49335;Moline;MI;42.739942;-85.66543;-5;1;42.739942,-85.66543
48453;Marlette;MI;43.336126;-83.03213;-5;1;43.336126,-83.03213
48632;Lake;MI;43.864435;-85.00864;-5;1;43.864435,-85.00864
48727;Clifford;MI;43.314176;-83.18115;-5;1;43.314176,-83.18115
49228;Blissfield;MI;41.821595;-83.87435;-5;1;41.821595,-83.87435
49264;Onondaga;MI;42.443387;-84.56022;-5;1;42.443387,-84.56022
49872;Perkins;MI;45.987113;-87.0742;-5;1;45.987113,-87.0742
49051;East Leroy;MI;42.184303;-85.24228;-5;1;42.184303,-85.24228
49111;Eau Claire;MI;42.022092;-86.29071;-5;1;42.022092,-86.29071
49262;North Adams;MI;41.963683;-84.46824;-5;1;41.963683,-84.46824
49255;Montgomery;MI;41.776286999999996;-84.8376;-5;1;41.776287,-84.8376
49431;Ludington;MI;43.967306;-86.43044;-5;1;43.967306,-86.43044
49740;Harbor Springs;MI;45.502308;-84.99025;-5;1;45.502308,-84.99025
48658;Standish;MI;43.985129;-83.93628;-5;1;43.985129,-83.93628
49795;Vanderbilt;MI;45.169729;-84.60248;-5;1;45.169729,-84.60248
48115;Bridgewater;MI;42.160216;-83.911693;-5;1;42.160216,-83.911693
49628;Elberta;MI;44.617592;-86.22663;-5;1;44.617592,-86.22663
48210;Detroit;MI;42.338137;-83.12785;-5;1;42.338137,-83.12785
49103;Berrien Springs;MI;41.944691;-86.34979;-5;1;41.944691,-86.34979
49250;Jonesville;MI;42.018585;-84.64548;-5;1;42.018585,-84.64548
48201;Detroit;MI;42.343787;-83.05879;-5;1;42.343787,-83.05879
48852;Mcbrides;MI;43.355304;-85.04326;-5;1;43.355304,-85.04326
48009;Birmingham;MI;42.544084;-83.21527;-5;1;42.544084,-83.21527
48205;Detroit;MI;42.433703;-82.98068;-5;1;42.433703,-82.98068
49508;Grand Rapids;MI;42.876661;-85.62856;-5;1;42.876661,-85.62856
49305;Barryton;MI;43.747406;-85.16304;-5;1;43.747406,-85.16304
48731;Elkton;MI;43.83014;-83.16143;-5;1;43.83014,-83.16143
48143;Lakeland;MI;42.454366;-83.83372;-5;1;42.454366,-83.83372
48214;Detroit;MI;42.368137;-82.99314;-5;1;42.368137,-82.99314
49784;Kincheloe;MI;46.410777;-84.336519;-5;1;46.410777,-84.336519
48802;Alma;MI;43.389262;-84.666661;-5;1;43.389262,-84.666661
48623;Freeland;MI;43.518309;-84.1337;-5;1;43.518309,-84.1337
49770;Petoskey;MI;45.360111;-84.93774;-5;1;45.360111,-84.93774
48090;Warren;MI;42.672322;-82.903065;-5;1;42.672322,-82.903065
48330;Drayton Plains;MI;42.675435;-83.363697;-5;1;42.675435,-83.363697
49220;Addison;MI;41.992765;-84.3329;-5;1;41.992765,-84.3329
48108;Ann Arbor;MI;42.232807;-83.72671;-5;1;42.232807,-83.72671
49884;Shingleton;MI;46.399545;-86.43315;-5;1;46.399545,-86.43315
48274;Detroit;MI;42.239933;-83.150823;-5;1;42.239933,-83.150823
48429;Durand;MI;42.918766;-83.99148;-5;1;42.918766,-83.99148
48441;Harbor Beach;MI;43.812371;-82.69274;-5;1;43.812371,-82.69274
49443;Muskegon;MI;43.295493;-86.468853;-5;1;43.295493,-86.468853
48254;Detroit;MI;42.239933;-83.150823;-5;1;42.239933,-83.150823
48114;Brighton;MI;42.566097;-83.75725;-5;1;42.566097,-83.75725
49237;Concord;MI;42.177223;-84.651;-5;1;42.177223,-84.651
49930;Hancock;MI;47.145007;-88.57829;-5;1;47.145007,-88.57829
49311;Bradley;MI;42.633006;-85.643043;-5;1;42.633006,-85.643043
49318;Casnovia;MI;43.22724;-85.82054;-5;1;43.22724,-85.82054
49901;Ahmeek;MI;47.297841;-88.39491;-5;1;47.297841,-88.39491
48012;Birmingham;MI;42.604425;-83.292382;-5;1;42.604425,-83.292382
48929;Lansing;MI;42.732535;-84.558679;-5;1;42.732535,-84.558679
48326;Auburn Hills;MI;42.661129;-83.24571;-5;1;42.661129,-83.24571
48421;Columbiaville;MI;43.154173;-83.3933;-5;1;43.154173,-83.3933
49868;Newberry;MI;46.434201;-85.54758;-5;1;46.434201,-85.54758
49970;Watton;MI;46.53227;-88.60459;-5;1;46.53227,-88.60459
48133;Erie;MI;41.777302;-83.49818;-5;1;41.777302,-83.49818
48725;Caseville;MI;43.944466;-83.23974;-5;1;43.944466,-83.23974
48820;Dewitt;MI;42.842438;-84.58612;-5;1;42.842438,-84.58612
48601;Saginaw;MI;43.413975;-83.91427;-5;1;43.413975,-83.91427
49588;Grand Rapids;MI;43.031413;-85.550267;-5;1;43.031413,-85.550267
48160;Milan;MI;42.081363;-83.68414;-5;1;42.081363,-83.68414
48468;Port Hope;MI;43.938529;-82.77514;-5;1;43.938529,-82.77514
49791;Topinabee;MI;45.48586;-84.59227;-5;1;45.48586,-84.59227
48328;Waterford;MI;42.642302;-83.35133;-5;1;42.642302,-83.35133
48980;Lansing;MI;42.599184;-84.371973;-5;1;42.599184,-84.371973
49010;Allegan;MI;42.531244;-85.87438;-5;1;42.531244,-85.87438
49417;Grand Haven;MI;43.04117;-86.19013;-5;1;43.04117,-86.19013
48616;Chesaning;MI;43.190239;-84.11987;-5;1;43.190239,-84.11987
49368;Slagle;MI;44.321979;-85.713857;-5;1;44.321979,-85.713857
48174;Romulus;MI;42.212372;-83.37223;-5;1;42.212372,-83.37223
49630;Empire;MI;44.845213;-86.02479;-5;1;44.845213,-86.02479
48836;Fowlerville;MI;42.666646;-84.07542;-5;1;42.666646,-84.07542
48835;Fowler;MI;43.011103;-84.74589;-5;1;43.011103,-84.74589
48313;Sterling Heights;MI;42.598734;-82.99938;-5;1;42.598734,-82.99938
48229;Ecorse;MI;42.250505;-83.14829;-5;1;42.250505,-83.14829
48911;Lansing;MI;42.677335;-84.56913;-5;1;42.677335,-84.56913
49818;Cornell;MI;45.936883;-87.26197;-5;1;45.936883,-87.26197
48445;Kinde;MI;43.952534;-83.02017;-5;1;43.952534,-83.02017
49670;Northport;MI;45.107479;-85.62347;-5;1;45.107479,-85.62347
48127;Dearborn Heights;MI;42.335687;-83.28332;-5;1;42.335687,-83.28332
48197;Ypsilanti;MI;42.223482;-83.63316;-5;1;42.223482,-83.63316
48046;Mount Clemens;MI;42.672322;-82.903065;-5;1;42.672322,-82.903065
48653;Roscommon;MI;44.484145;-84.66089;-5;1;44.484145,-84.66089
49730;Elmira;MI;45.039542;-84.86774;-5;1;45.039542,-84.86774
48107;Ann Arbor;MI;42.253502;-83.836571;-5;1;42.253502,-83.836571
49048;Kalamazoo;MI;42.292335;-85.525359;-5;1;42.292335,-85.525359
49056;Grand Junction;MI;42.395965;-86.0545;-5;1;42.395965,-86.0545
48347;Clarkston;MI;42.660091;-83.3863;-5;1;42.660091,-83.3863
48886;Six Lakes;MI;43.426703;-85.14998;-5;1;43.426703,-85.14998
49709;Atlanta;MI;45.016358;-84.14518;-5;1;45.016358,-84.14518
49349;White Cloud;MI;43.57219;-85.76662;-5;1;43.57219,-85.76662
49615;Bellaire;MI;44.970267;-85.21448;-5;1;44.970267,-85.21448
49121;Niles;MI;42.001551;-86.715294;-5;1;42.001551,-86.715294
49721;Cheboygan;MI;45.589694;-84.4625;-5;1;45.589694,-84.4625
48411;Atlas;MI;42.940019;-83.536923;-5;1;42.940019,-83.536923
49052;Fulton;MI;42.111949;-85.31673;-5;1;42.111949,-85.31673
48040;Marysville;MI;42.910198;-82.47973;-5;1;42.910198,-82.47973
48177;Samaria;MI;41.807647;-83.579334;-5;1;41.807647,-83.579334
48674;Midland;MI;43.612884;-84.197125;-5;1;43.612884,-84.197125
49045;Decatur;MI;42.105719;-85.99417;-5;1;42.105719,-85.99417
48473;Swartz Creek;MI;42.950128;-83.82612;-5;1;42.950128,-83.82612
49460;West Olive;MI;42.935483;-86.14141;-5;1;42.935483,-86.14141
48081;Saint Clair Shores;MI;42.497736;-82.89979;-5;1;42.497736,-82.89979
48233;Detroit;MI;42.239933;-83.150823;-5;1;42.239933,-83.150823
49333;Middleville;MI;42.689437;-85.46466;-5;1;42.689437,-85.46466
49625;Copemish;MI;44.44905;-85.88908;-5;1;44.44905,-85.88908
48897;Woodland;MI;42.705285;-85.12449;-5;1;42.705285,-85.12449
48420;Clio;MI;43.176375;-83.726;-5;1;43.176375,-83.726
49869;Wells;MI;46.07199;-87.533429;-5;1;46.07199,-87.533429
48701;Akron;MI;43.587817;-83.53468;-5;1;43.587817,-83.53468
49306;Belmont;MI;43.078615;-85.59318;-5;1;43.078615,-85.59318
48039;Marine City;MI;42.710445;-82.50811;-5;1;42.710445,-82.50811
48343;Pontiac;MI;42.660091;-83.3863;-5;1;42.660091,-83.3863
48647;Mio;MI;44.654024;-84.10388;-5;1;44.654024,-84.10388
48853;Maple Rapids;MI;43.102399;-84.69278;-5;1;43.102399,-84.69278
48871;Perrinton;MI;43.160914;-84.68397;-5;1;43.160914,-84.68397
48661;West Branch;MI;44.288158;-84.21162;-5;1;44.288158,-84.21162
48167;Northville;MI;42.425506;-83.48945;-5;1;42.425506,-83.48945
49072;Mendon;MI;42.005815;-85.46428;-5;1;42.005815,-85.46428
48705;Barton City;MI;44.708179;-83.63681;-5;1;44.708179,-83.63681
48362;Lake Orion;MI;42.783379;-83.2471;-5;1;42.783379,-83.2471
49009;Kalamazoo;MI;42.272538;-85.69255;-5;1;42.272538,-85.69255
49764;Oden;MI;45.423768;-84.82611;-5;1;45.423768,-84.82611
48165;New Hudson;MI;42.501401;-83.62916;-5;1;42.501401,-83.62916
49113;Galien;MI;41.801264;-86.50367;-5;1;41.801264,-86.50367
49253;Manitou Beach;MI;41.974999;-84.27972;-5;1;41.974999,-84.27972
48145;La Salle;MI;41.846349;-83.44652;-5;1;41.846349,-83.44652
49453;Saugatuck;MI;42.668174;-86.18724;-5;1;42.668174,-86.18724
48169;Pinckney;MI;42.455063;-83.93425;-5;1;42.455063,-83.93425
48843;Howell;MI;42.612243;-83.91835;-5;1;42.612243,-83.91835
48327;Waterford;MI;42.642764;-83.40273;-5;1;42.642764,-83.40273
49722;Conway;MI;45.416693;-84.86646;-5;1;45.416693,-84.86646
49061;Jones;MI;41.878312;-85.81527;-5;1;41.878312,-85.81527
48426;Decker;MI;43.50461;-83.06289;-5;1;43.50461,-83.06289
49942;Kearsarge;MI;47.269659;-88.41589;-5;1;47.269659,-88.41589
48068;Royal Oak;MI;42.660091;-83.3863;-5;1;42.660091,-83.3863
48317;Utica;MI;42.639777;-83.04255;-5;1;42.639777,-83.04255
49618;Boon;MI;44.306885;-85.60119;-5;1;44.306885,-85.60119
48401;Applegate;MI;43.357999;-82.65433;-5;1;43.357999,-82.65433
48747;Munger;MI;43.519522;-83.76529;-5;1;43.519522,-83.76529
48387;Union Lake;MI;42.7253;-83.311605;-5;1;42.7253,-83.311605
48236;Grosse Pointe;MI;42.425836;-82.90003;-5;1;42.425836,-82.90003
48726;Cass City;MI;43.604819;-83.17889;-5;1;43.604819,-83.17889
49943;Iron River;MI;46.421861;-88.879139;-5;1;46.421861,-88.879139
48032;Jeddo;MI;43.125531;-82.59617;-5;1;43.125531,-82.59617
48335;Farmington;MI;42.465142;-83.39853;-5;1;42.465142,-83.39853
48741;Kingston;MI;43.410781;-83.17248;-5;1;43.410781,-83.17248
48224;Detroit;MI;42.410487;-82.94348;-5;1;42.410487,-82.94348
48824;East Lansing;MI;42.725884;-84.4792;-5;1;42.725884,-84.4792
49043;Covert;MI;42.296105;-86.26647;-5;1;42.296105,-86.26647
49855;Marquette;MI;46.554402;-87.42223;-5;1;46.554402,-87.42223
48264;Detroit;MI;42.239933;-83.150823;-5;1;42.239933,-83.150823
48746;Millington;MI;43.274498;-83.53822;-5;1;43.274498,-83.53822
48071;Madison Heights;MI;42.501385;-83.10474;-5;1;42.501385,-83.10474
48893;Weidman;MI;43.662482;-84.98244;-5;1;43.662482,-84.98244
48397;Warren;MI;42.491736;-83.040222;-5;1;42.491736,-83.040222
48615;Breckenridge;MI;43.422568;-84.47433;-5;1;43.422568,-84.47433
49116;Lakeside;MI;41.848782;-86.67044;-5;1;41.848782,-86.67044
48080;Saint Clair Shores;MI;42.462036;-82.90232;-5;1;42.462036,-82.90232
49224;Albion;MI;42.261257;-84.75151;-5;1;42.261257,-84.75151
49785;Kincheloe;MI;46.181451;-84.405367;-5;1;46.181451,-84.405367
49456;Spring Lake;MI;43.08767;-86.19345;-5;1;43.08767,-86.19345
48180;Taylor;MI;42.231788;-83.26481;-5;1;42.231788,-83.26481
48749;Omer;MI;44.046475;-83.87572;-5;1;44.046475,-83.87572
49301;Ada;MI;42.97252;-85.47798;-5;1;42.97252,-85.47798
48922;Lansing;MI;42.732535;-84.558679;-5;1;42.732535,-84.558679
48357;Highland;MI;42.656281;-83.63297;-5;1;42.656281,-83.63297
48390;Walled Lake;MI;42.549483;-83.47969;-5;1;42.549483,-83.47969
49792;Tower;MI;45.354677;-84.30074;-5;1;45.354677,-84.30074
49633;Fife Lake;MI;44.555245;-85.22931;-5;1;44.555245,-85.22931
49684;Traverse City;MI;44.74136;-85.67316;-5;1;44.74136,-85.67316
48026;Fraser;MI;42.536402;-82.95044;-5;1;42.536402,-82.95044
48232;Detroit;MI;42.239933;-83.150823;-5;1;42.239933,-83.150823
48876;Potterville;MI;42.640719;-84.73826;-5;1;42.640719,-84.73826
48463;Otisville;MI;43.167457;-83.52542;-5;1;43.167457,-83.52542
49279;Sand Creek;MI;41.791959;-84.10866;-5;1;41.791959,-84.10866
49895;Wetmore;MI;46.191294;-86.64901;-5;1;46.191294,-86.64901
49727;East Jordan;MI;45.1379;-85.12252;-5;1;45.1379,-85.12252
48863;Oak Grove;MI;42.603479;-83.911173;-5;1;42.603479,-83.911173
48872;Perry;MI;42.807435;-84.22291;-5;1;42.807435,-84.22291
49631;Evart;MI;43.893894;-85.26394;-5;1;43.893894,-85.26394
48737;Glennie;MI;44.54684;-83.70977;-5;1;44.54684,-83.70977
48827;Eaton Rapids;MI;42.507093;-84.6579;-5;1;42.507093,-84.6579
49913;Calumet;MI;47.239083;-88.46121;-5;1;47.239083,-88.46121
49841;Gwinn;MI;46.299186;-87.43312;-5;1;46.299186,-87.43312
48065;Romeo;MI;42.826805;-83.02963;-5;1;42.826805,-83.02963
48325;West Bloomfield;MI;42.660091;-83.3863;-5;1;42.660091,-83.3863
49340;Remus;MI;43.617313;-85.09604;-5;1;43.617313,-85.09604
48890;Sunfield;MI;42.759217;-84.98054;-5;1;42.759217,-84.98054
49632;Falmouth;MI;44.233529;-84.97463;-5;1;44.233529,-84.97463
49426;Hudsonville;MI;42.873302;-85.87861;-5;1;42.873302,-85.87861
49275;Ridgeway;MI;41.988026;-83.865674;-5;1;41.988026,-83.865674
48218;River Rouge;MI;42.269288;-83.13676;-5;1;42.269288,-83.13676
48240;Redford;MI;42.426285;-83.30197;-5;1;42.426285,-83.30197
48850;Lakeview;MI;43.447625;-85.25628;-5;1;43.447625,-85.25628
48398;Clawson;MI;42.660091;-83.3863;-5;1;42.660091,-83.3863
48873;Pewamo;MI;42.987795;-84.84263;-5;1;42.987795,-84.84263
49277;Rives Junction;MI;42.395023;-84.46144;-5;1;42.395023,-84.46144
49428;Jenison;MI;42.904275;-85.82314;-5;1;42.904275,-85.82314
49718;Carp Lake;MI;45.714093;-84.79969;-5;1;45.714093,-84.79969
48366;Lakeville;MI;42.803277;-83.18412;-5;1;42.803277,-83.18412
48306;Rochester;MI;42.708151;-83.16584;-5;1;42.708151,-83.16584
48604;Saginaw;MI;43.473075;-83.94479;-5;1;43.473075,-83.94479
49634;Filer City;MI;44.215959;-86.29048;-5;1;44.215959,-86.29048
48467;Port Austin;MI;44.023181;-83.00241;-5;1;44.023181,-83.00241
49310;Blanchard;MI;43.523037;-85.04876;-5;1;43.523037,-85.04876
48219;Detroit;MI;42.425236;-83.24902;-5;1;42.425236,-83.24902
48315;Utica;MI;42.662902;-82.99392;-5;1;42.662902,-82.99392
48662;Wheeler;MI;43.400958;-84.41672;-5;1;43.400958,-84.41672
48128;Dearborn;MI;42.320237;-83.26872;-5;1;42.320237,-83.26872
48733;Fairgrove;MI;43.542822;-83.61267;-5;1;43.542822,-83.61267
48762;Spruce;MI;44.821813;-83.50181;-5;1;44.821813,-83.50181
49788;Kincheloe;MI;46.267303;-84.45633;-5;1;46.267303,-84.45633
49126;Sodus;MI;42.036334;-86.37416;-5;1;42.036334,-86.37416
48267;Detroit;MI;42.239933;-83.150823;-5;1;42.239933,-83.150823
48502;Flint;MI;43.014077;-83.69012;-5;1;43.014077,-83.69012
49069;Marshall;MI;42.204494;-84.949919;-5;1;42.204494,-84.949919
49004;Kalamazoo;MI;42.330089;-85.56635;-5;1;42.330089,-85.56635
49063;Lacota;MI;42.393586;-86.209904;-5;1;42.393586,-86.209904
49241;Hanover;MI;42.107907;-84.60334;-5;1;42.107907,-84.60334
49307;Big Rapids;MI;43.697651;-85.47815;-5;1;43.697651,-85.47815
48552;Flint;MI;42.977895;-83.713074;-5;1;42.977895,-83.713074
49117;New Buffalo;MI;41.784691;-86.75519;-5;1;41.784691,-86.75519
48867;Owosso;MI;42.99605;-84.17896;-5;1;42.99605,-84.17896
48888;Stanton;MI;43.297366;-85.10506;-5;1;43.297366,-85.10506
49073;Nashville;MI;42.588988;-85.124;-5;1;42.588988,-85.124
49953;Ontonagon;MI;46.846455;-89.35119;-5;1;46.846455,-89.35119
48663;Saginaw;MI;43.467315;-83.975475;-5;1;43.467315,-83.975475
48455;Metamora;MI;42.938891;-83.29409;-5;1;42.938891,-83.29409
49724;Dafter;MI;46.33614;-84.43525;-5;1;46.33614,-84.43525
48202;Detroit;MI;42.375237;-83.07837;-5;1;42.375237,-83.07837
49668;Mesick;MI;44.405334;-85.71981;-5;1;44.405334,-85.71981
48381;Milford;MI;42.571402;-83.59318;-5;1;42.571402,-83.59318
49819;Arnold;MI;46.604141;-87.614805;-5;1;46.604141,-87.614805
48765;Turner;MI;44.147192;-83.73723;-5;1;44.147192,-83.73723
49759;Millersburg;MI;45.433394;-84.09811;-5;1;45.433394,-84.09811
49003;Kalamazoo;MI;42.245412;-85.529858;-5;1;42.245412,-85.529858
49752;Kinross;MI;46.250359;-84.48228;-5;1;46.250359,-84.48228
48915;Lansing;MI;42.737701;-84.57106;-5;1;42.737701,-84.57106
49068;Marshall;MI;42.277837;-84.94869;-5;1;42.277837,-84.94869
49617;Beulah;MI;44.643593;-86.04382;-5;1;44.643593,-86.04382
48656;Saint Helen;MI;44.360384;-84.43815;-5;1;44.360384,-84.43815
49281;Somerset;MI;42.050744;-84.37762;-5;1;42.050744,-84.37762
49338;Paris;MI;43.764906;-85.57223;-5;1;43.764906,-85.57223
48844;Howell;MI;42.603479;-83.911173;-5;1;42.603479,-83.911173
49252;Litchfield;MI;42.034427;-84.77046;-5;1;42.034427,-84.77046
49525;Grand Rapids;MI;43.022199;-85.61168;-5;1;43.022199,-85.61168
49883;Seney;MI;46.460628;-85.98878;-5;1;46.460628,-85.98878
48476;Vernon;MI;42.939379;-84.03166;-5;1;42.939379,-84.03166
48104;Ann Arbor;MI;42.266805;-83.72297;-5;1;42.266805,-83.72297
49040;Colon;MI;41.960856;-85.33059;-5;1;41.960856,-85.33059
49104;Berrien Springs;MI;42.001551;-86.715294;-5;1;42.001551,-86.715294
49516;Grand Rapids;MI;43.031413;-85.550267;-5;1;43.031413,-85.550267
49916;Chassell;MI;47.010896;-88.54077;-5;1;47.010896,-88.54077
49289;Weston;MI;41.770793;-84.09996;-5;1;41.770793,-84.09996
48450;Lexington;MI;43.243891;-82.52701;-5;1;43.243891,-82.52701
48456;Minden City;MI;43.660079;-82.74685;-5;1;43.660079,-82.74685
48557;Flint;MI;43.080578;-83.783675;-5;1;43.080578,-83.783675
49018;Battle Creek;MI;42.246402;-85.004511;-5;1;42.246402,-85.004511
49514;Grand Rapids;MI;43.031413;-85.550267;-5;1;43.031413,-85.550267
49663;Manton;MI;44.426913;-85.37836;-5;1;44.426913,-85.37836
49355;Ada;MI;43.031413;-85.550267;-5;1;43.031413,-85.550267
49677;Reed City;MI;43.906666;-85.5155;-5;1;43.906666,-85.5155
48208;Detroit;MI;42.348937;-83.08994;-5;1;42.348937,-83.08994
48153;Livonia;MI;42.239933;-83.150823;-5;1;42.239933,-83.150823
48382;Commerce Township;MI;42.593035;-83.48997;-5;1;42.593035,-83.48997
49646;Kalkaska;MI;44.743834;-85.08986;-5;1;44.743834,-85.08986
48203;Highland Park;MI;42.421936;-83.09981;-5;1;42.421936,-83.09981
48624;Gladwin;MI;44.041529;-84.46503;-5;1;44.041529,-84.46503
48007;Troy;MI;42.606088;-83.297593;-5;1;42.606088,-83.297593
49239;Frontier;MI;41.782499;-84.604662;-5;1;41.782499,-84.604662
49448;Nunica;MI;43.091183;-86.07346;-5;1;43.091183,-86.07346
49643;Interlochen;MI;44.634131;-85.8079;-5;1;44.634131,-85.8079
49088;Scotts;MI;42.187577;-85.42621;-5;1;42.187577,-85.42621
49342;Rodney;MI;43.696188;-85.30996;-5;1;43.696188,-85.30996
48111;Belleville;MI;42.194865;-83.49083;-5;1;42.194865,-83.49083
48845;Hubbardston;MI;43.096466;-84.84627;-5;1;43.096466,-84.84627
49280;Seneca;MI;41.79583;-84.186608;-5;1;41.79583,-84.186608
49734;Gaylord;MI;45.028411;-84.612207;-5;1;45.028411,-84.612207
48816;Cohoctah;MI;42.757633;-83.938967;-5;1;42.757633,-83.938967
49921;Dodgeville;MI;47.093922;-88.57894;-5;1;47.093922,-88.57894
49008;Kalamazoo;MI;42.26549;-85.61098;-5;1;42.26549,-85.61098
49034;Climax;MI;42.239393;-85.33499;-5;1;42.239393,-85.33499
49403;Conklin;MI;43.125652;-85.84983;-5;1;43.125652,-85.84983
49934;Hubbell;MI;47.170691;-88.43396;-5;1;47.170691,-88.43396
48220;Ferndale;MI;42.460986;-83.13398;-5;1;42.460986,-83.13398
48094;Washington;MI;42.727731;-83.03847;-5;1;42.727731,-83.03847
49675;Onekama;MI;44.365757;-86.21149;-5;1;44.365757,-86.21149
48817;Corunna;MI;43.000193;-84.0634;-5;1;43.000193,-84.0634
49645;Kaleva;MI;44.371587;-86.0122;-5;1;44.371587,-86.0122
48234;Detroit;MI;42.432686;-83.04422;-5;1;42.432686,-83.04422
48383;White Lake;MI;42.657361;-83.54529;-5;1;42.657361,-83.54529
49427;Jamestown;MI;42.826676;-85.844378;-5;1;42.826676,-85.844378
49270;Petersburg;MI;41.886364;-83.69556;-5;1;41.886364,-83.69556
49701;Mackinaw City;MI;45.773926;-84.72714;-5;1;45.773926,-84.72714
48069;Pleasant Ridge;MI;42.472235;-83.14051;-5;1;42.472235,-83.14051
49849;Ishpeming;MI;46.458207;-87.72709;-5;1;46.458207,-87.72709
49835;Garden;MI;45.769159;-86.55894;-5;1;45.769159,-86.55894
48188;Canton;MI;42.289354;-83.47401;-5;1;42.289354,-83.47401
48956;Lansing;MI;42.732535;-84.558679;-5;1;42.732535,-84.558679
48204;Detroit;MI;42.365337;-83.14254;-5;1;42.365337,-83.14254
48225;Harper Woods;MI;42.438186;-82.9283;-5;1;42.438186,-82.9283
48006;Avoca;MI;43.062285;-82.69327;-5;1;43.062285,-82.69327
48206;Detroit;MI;42.375787;-83.10849;-5;1;42.375787,-83.10849
48738;Greenbush;MI;44.563997;-83.32459;-5;1;44.563997,-83.32459
49271;Pittsford;MI;41.832213;-84.45404;-5;1;41.832213,-84.45404
49330;Kent City;MI;43.231933;-85.73768;-5;1;43.231933,-85.73768
48243;Detroit;MI;42.239933;-83.150823;-5;1;42.239933,-83.150823
48028;Harsens Island;MI;42.563129;-82.62325;-5;1;42.563129,-82.62325
48470;Ruth;MI;43.736207;-82.75005;-5;1;43.736207,-82.75005
49017;Battle Creek;MI;42.35714;-85.20257;-5;1;42.35714,-85.20257
48342;Pontiac;MI;42.644581;-83.28211;-5;1;42.644581,-83.28211
49015;Battle Creek;MI;42.30244;-85.22294;-5;1;42.30244,-85.22294
49623;Chase;MI;43.889404;-85.67131;-5;1;43.889404,-85.67131
48374;Novi;MI;42.467945;-83.51766;-5;1;42.467945,-83.51766
49965;Toivola;MI;47.001469;-88.88179;-5;1;47.001469,-88.88179
48027;Goodells;MI;42.952553;-82.68571;-5;1;42.952553,-82.68571
48766;Twining;MI;44.127342;-83.84369;-5;1;44.127342,-83.84369
49751;Johannesburg;MI;44.963659;-84.43175;-5;1;44.963659,-84.43175
49776;Posen;MI;45.248956;-83.69012;-5;1;45.248956,-83.69012
48811;Carson City;MI;43.184647;-84.84871;-5;1;43.184647,-84.84871
48825;East Lansing;MI;42.723784;-84.464775;-5;1;42.723784,-84.464775
49247;Hudson;MI;41.857385;-84.34907;-5;1;41.857385,-84.34907
48708;Bay City;MI;43.583323;-83.87869;-5;1;43.583323,-83.87869
49504;Grand Rapids;MI;42.977925;-85.69733;-5;1;42.977925,-85.69733
48707;Bay City;MI;43.737798;-83.933337;-5;1;43.737798,-83.933337
49030;Burr Oak;MI;41.854639;-85.32984;-5;1;41.854639,-85.32984
49356;Ada;MI;43.031413;-85.550267;-5;1;43.031413,-85.550267
49510;Grand Rapids;MI;43.031413;-85.550267;-5;1;43.031413,-85.550267
49878;Rapid River;MI;45.926298;-86.90898;-5;1;45.926298,-86.90898
48436;Gaines;MI;42.870299;-83.89144;-5;1;42.870299,-83.89144
49331;Lowell;MI;42.944838;-85.34928;-5;1;42.944838,-85.34928
48307;Rochester;MI;42.662293;-83.12781;-5;1;42.662293,-83.12781
49027;Breedsville;MI;42.345815;-86.0795;-5;1;42.345815,-86.0795
49905;Atlantic Mine;MI;47.101109;-88.71833;-5;1;47.101109,-88.71833
48085;Troy;MI;42.597323;-83.116567;-5;1;42.597323,-83.116567
48640;Midland;MI;43.605457;-84.27234;-5;1;43.605457,-84.27234
49689;Wellston;MI;44.209541;-85.9109;-5;1;44.209541,-85.9109
49826;Rumely;MI;46.364395;-86.99621;-5;1;46.364395,-86.99621
48882;Shaftsburg;MI;42.803973;-84.295949;-5;1;42.803973,-84.295949
48507;Flint;MI;42.973263;-83.70142;-5;1;42.973263,-83.70142
48603;Saginaw;MI;43.441975;-84.01177;-5;1;43.441975,-84.01177
49673;Old Mission;MI;44.955872;-85.490005;-5;1;44.955872,-85.490005
48121;Dearborn;MI;42.239933;-83.150823;-5;1;42.239933,-83.150823
48302;Bloomfield Hills;MI;42.5863;-83.29705;-5;1;42.5863,-83.29705
49236;Clinton;MI;42.067837;-83.95779;-5;1;42.067837,-83.95779
48769;Tuscola;MI;43.327048;-83.657355;-5;1;43.327048,-83.657355
49316;Caledonia;MI;42.794914;-85.55091;-5;1;42.794914,-85.55091
48654;Rose City;MI;44.468977;-84.19608;-5;1;44.468977,-84.19608
49240;Grass Lake;MI;42.284771;-84.18971;-5;1;42.284771,-84.18971
49922;Dollar Bay;MI;47.122751;-88.4818;-5;1;47.122751,-88.4818
49861;Michigamme;MI;46.54081;-88.14742;-5;1;46.54081,-88.14742
48818;Crystal;MI;43.272279;-84.90913;-5;1;43.272279,-84.90913
49071;Mattawan;MI;42.234417;-85.7807;-5;1;42.234417,-85.7807
48617;Clare;MI;43.828266;-84.74219;-5;1;43.828266,-84.74219
48622;Farwell;MI;43.840787;-84.86734;-5;1;43.840787,-84.86734
49077;Oshtemo;MI;42.245412;-85.529858;-5;1;42.245412,-85.529858
49468;Grandville;MI;43.031413;-85.550267;-5;1;43.031413,-85.550267
49435;Marne;MI;43.032323;-85.83015;-5;1;43.032323,-85.83015
48454;Melvin;MI;43.198014;-82.82558;-5;1;43.198014,-82.82558
48428;Dryden;MI;42.936145;-83.13471;-5;1;42.936145,-83.13471
48034;Southfield;MI;42.474234;-83.29078;-5;1;42.474234,-83.29078
48885;Sidney;MI;43.247555;-85.16587;-5;1;43.247555,-85.16587
49013;Bangor;MI;42.308798;-86.12201;-5;1;42.308798,-86.12201
49422;Holland;MI;42.985596;-86.444751;-5;1;42.985596,-86.444751
49817;Cooks;MI;45.921508;-86.45869;-5;1;45.921508,-86.45869
48004;Anchorville;MI;42.824095;-82.66522;-5;1;42.824095,-82.66522
48099;Troy;MI;42.587643;-83.173666;-5;1;42.587643,-83.173666
48110;Azalia;MI;42.008164;-83.664277;-5;1;42.008164,-83.664277
48324;West Bloomfield;MI;42.595233;-83.39974;-5;1;42.595233,-83.39974
48812;Cedar Lake;MI;43.413761;-84.975271;-5;1;43.413761,-84.975271
49345;Sparta;MI;43.161106;-85.69952;-5;1;43.161106,-85.69952
48242;Detroit;MI;42.20649;-83.35297;-5;1;42.20649,-83.35297
48509;Burton;MI;43.020176;-83.60433;-5;1;43.020176,-83.60433
49394;Lincoln;MI;43.60034;-85.82081;-5;1;43.60034,-85.82081
48178;South Lyon;MI;42.45644;-83.66673;-5;1;42.45644,-83.66673
48531;Flint;MI;43.002;-83.692507;-5;1;43.002,-83.692507
48211;Detroit;MI;42.379019;-83.04483;-5;1;42.379019,-83.04483
48002;Allenton;MI;42.938385;-82.91582;-5;1;42.938385,-82.91582
48288;Detroit;MI;42.239933;-83.150823;-5;1;42.239933,-83.150823
49084;Riverside;MI;42.178035;-86.38557;-5;1;42.178035,-86.38557
49690;Williamsburg;MI;44.774285;-85.41696;-5;1;44.774285,-85.41696
49303;Bailey;MI;43.271422;-85.84023;-5;1;43.271422,-85.84023
49081;Portage;MI;42.171777;-85.617824;-5;1;42.171777,-85.617824
49446;New Era;MI;43.551783;-86.40265;-5;1;43.551783,-86.40265
48093;Warren;MI;42.514885;-82.99768;-5;1;42.514885,-82.99768
49258;Mosherville;MI;41.884795;-84.593491;-5;1;41.884795,-84.593491
49931;Houghton;MI;47.11929;-88.57259;-5;1;47.11929,-88.57259
48060;Port Huron;MI;42.978974;-82.44402;-5;1;42.978974,-82.44402
49343;Sand Lake;MI;43.291089;-85.50812;-5;1;43.291089,-85.50812
49680;South Boardman;MI;44.654872;-85.26096;-5;1;44.654872,-85.26096
48310;Sterling Heights;MI;42.563644;-83.07158;-5;1;42.563644,-83.07158
49076;Olivet;MI;42.439324;-84.91041;-5;1;42.439324,-84.91041
48340;Pontiac;MI;42.668532;-83.29585;-5;1;42.668532,-83.29585
49429;Jenison;MI;42.985596;-86.444751;-5;1;42.985596,-86.444751
49652;Yates;MI;43.867421;-85.772312;-5;1;43.867421,-85.772312
49783;Sault Sainte Marie;MI;46.460895;-84.32485;-5;1;46.460895,-84.32485
48130;Dexter;MI;42.344837;-83.89907;-5;1;42.344837,-83.89907
48297;Detroit;MI;42.239933;-83.150823;-5;1;42.239933,-83.150823
49910;Bergland;MI;46.576653;-89.57618;-5;1;46.576653,-89.57618
48113;Ann Arbor;MI;42.253502;-83.836571;-5;1;42.253502,-83.836571
49444;Muskegon;MI;43.198048;-86.22774;-5;1;43.198048,-86.22774
48376;Novi;MI;42.470984;-83.474785;-5;1;42.470984,-83.474785
48269;Detroit;MI;42.239933;-83.150823;-5;1;42.239933,-83.150823
48341;Pontiac;MI;42.626947;-83.30243;-5;1;42.626947,-83.30243
48620;Edenville;MI;43.807728;-84.37785;-5;1;43.807728,-84.37785
49761;Mullett Lake;MI;45.563799;-84.52405;-5;1;45.563799,-84.52405
49402;Branch;MI;43.930995;-86.05421;-5;1;43.930995,-86.05421
49805;Allouez;MI;47.322703;-88.40806;-5;1;47.322703,-88.40806
49357;Ada;MI;43.031413;-85.550267;-5;1;43.031413,-85.550267
49738;Grayling;MI;44.683274;-84.6253;-5;1;44.683274,-84.6253
48433;Flushing;MI;43.072177;-83.84883;-5;1;43.072177,-83.84883
48742;Lincoln;MI;44.725546;-83.43887;-5;1;44.725546,-83.43887
48912;Lansing;MI;42.734434;-84.52497;-5;1;42.734434,-84.52497
49050;Dowling;MI;42.504137;-85.24582;-5;1;42.504137,-85.24582
49339;Pierson;MI;43.335474;-85.49536;-5;1;43.335474,-85.49536
48413;Bad Axe;MI;43.803691;-83.00181;-5;1;43.803691,-83.00181
49012;Augusta;MI;42.347289;-85.35242;-5;1;42.347289,-85.35242
49502;Grand Rapids;MI;43.031413;-85.550267;-5;1;43.031413,-85.550267
49637;Grawn;MI;44.647716;-85.70649;-5;1;44.647716,-85.70649
49650;Lake Ann;MI;44.725887;-85.85676;-5;1;44.725887,-85.85676
49106;Bridgman;MI;41.94263;-86.55586;-5;1;41.94263,-86.55586
48457;Montrose;MI;43.182851;-83.89507;-5;1;43.182851,-83.89507
48770;Whittemore;MI;44.246004;-83.81849;-5;1;44.246004,-83.81849
49747;Hubbard Lake;MI;44.827421;-83.61368;-5;1;44.827421,-83.61368
48641;Midland;MI;43.538252;-84.387753;-5;1;43.538252,-84.387753
49312;Brohman;MI;43.693086;-85.81962;-5;1;43.693086,-85.81962
49112;Edwardsburg;MI;41.797792;-86.02616;-5;1;41.797792,-86.02616
49864;Nahma;MI;45.840744;-86.66216;-5;1;45.840744,-86.66216
49285;Stockbridge;MI;42.458785;-84.19374;-5;1;42.458785,-84.19374
48038;Clinton Township;MI;42.603172;-82.94459;-5;1;42.603172,-82.94459
48258;Detroit;MI;42.239933;-83.150823;-5;1;42.239933,-83.150823
48883;Shepherd;MI;43.534764;-84.68228;-5;1;43.534764,-84.68228
48837;Grand Ledge;MI;42.749774;-84.7503;-5;1;42.749774,-84.7503
49550;Grand Rapids;MI;43.031413;-85.550267;-5;1;43.031413,-85.550267
48856;Middleton;MI;43.197414;-84.73336;-5;1;43.197414,-84.73336
